sample_id,source,case_id,sample_date,equipment,fault_desc,fault_type,group,label_basis,H2,CH4,C2H2,C2H4,C2H6,CO,CO2,label_confirmed,duplicate_of,exceeds_attention,fault_record
TC10-001,IEC TC 10,TC10-001,,U,Low energy partial discharges and x-wax formation,PD,single_fault,inspection (IEC TC 10),32930.0,2397.0,,,157.0,313.0,560.0,True,,True,True
TC10-002,IEC TC 10,TC10-002,,I,Corona and x-wax formation,PD,single_fault,inspection (IEC TC 10),37800.0,1740.0,8.0,8.0,249.0,56.0,197.0,True,,True,True
TC10-003,IEC TC 10,TC10-003,,I,X-wax deposition,PD,single_fault,inspection (IEC TC 10),92600.0,10200.0,,,,6400.0,103151.0,True,,True,True
TC10-004,IEC TC 10,TC10-004,,B,Partial discharges inducing displacement of insulation and bolt,PD,single_fault,inspection (IEC TC 10),8266.0,1061.0,,,22.0,107.0,498.0,True,,True,True
TC10-005,IEC TC 10,TC10-005,,I,Partial discharges,PD,single_fault,inspection (IEC TC 10),9340.0,995.0,7.0,6.0,60.0,60.0,620.0,True,,True,True
TC10-006,IEC TC 10,TC10-006,,I,X-wax deposits,PD,single_fault,inspection (IEC TC 10),36036.0,4704.0,10.0,5.0,554.0,6.0,347.0,True,,True,True
TC10-007,IEC TC 10,TC10-007,,I,X-wax deposits,PD,single_fault,inspection (IEC TC 10),33046.0,619.0,,2.0,58.0,51.0,1.0,True,,True,True
TC10-008,IEC TC 10,TC10-008,,I,X-wax deposits,PD,single_fault,inspection (IEC TC 10),40280.0,1069.0,1.0,1.0,1060.0,1.0,,True,,True,True
TC10-009,IEC TC 10,TC10-009,,I,Heavy x-wax deposits,PD,single_fault,inspection (IEC TC 10),26788.0,18342.0,,27.0,2111.0,704.0,,True,,True,True
TC10-010,IEC TC 10,TC10-010,,P,"Loosening of potential ring on bushing, with marks of sparking and tracking",D1,single_fault,inspection (IEC TC 10),78.0,20.0,28.0,13.0,11.0,,784.0,True,,True,True
TC10-011,IEC TC 10,TC10-011,,P,Sparking between HV braided connection and isolated copper tube,D1,single_fault,inspection (IEC TC 10),305.0,100.0,541.0,161.0,33.0,440.0,3700.0,True,,True,True
TC10-012,IEC TC 10,TC10-012,,S,Selector breaking current in selector tank,D1,single_fault,inspection (IEC TC 10),35.0,6.0,482.0,26.0,3.0,200.0,2240.0,True,,True,True
TC10-013,IEC TC 10,TC10-013,,U,Continuous sparking between metal cups and earthed bolts in winding,D1,single_fault,inspection (IEC TC 10),543.0,120.0,1880.0,411.0,41.0,76.0,2800.0,True,,True,True
TC10-014,IEC TC 10,TC10-014,,P,Tracking to HV bushing,D1,single_fault,inspection (IEC TC 10),1230.0,163.0,692.0,233.0,27.0,130.0,115.0,True,,True,True
TC10-015,IEC TC 10,TC10-015,,P,Tracking in bushing,D1,single_fault,inspection (IEC TC 10),645.0,86.0,317.0,110.0,13.0,74.0,114.0,True,,True,True
TC10-016,IEC TC 10,TC10-016,,R,Tracking to the ground in glue of central beam,D1,single_fault,inspection (IEC TC 10),60.0,10.0,4.0,4.0,4.0,780.0,7600.0,True,,False,True
TC10-017,IEC TC 10,TC10-017,,P,Sparking on tank walls to the bushing,D1,single_fault,inspection (IEC TC 10),95.0,10.0,39.0,11.0,,122.0,467.0,True,,True,True
TC10-018,IEC TC 10,TC10-018,,S,500 OLTC normal operations,D1,single_fault,inspection (IEC TC 10),6870.0,1028.0,5500.0,900.0,79.0,29.0,388.0,True,,True,True
TC10-019,IEC TC 10,TC10-019,,S,3600 OLTC normal operations,D1,single_fault,inspection (IEC TC 10),10092.0,5399.0,37565.0,6500.0,530.0,42.0,413.0,True,,True,True
TC10-020,IEC TC 10,TC10-020,,,Poor shielding contact (electrical problem),D1,single_fault,inspection (IEC TC 10),650.0,81.0,270.0,51.0,170.0,380.0,2000.0,True,,True,True
TC10-021,IEC TC 10,TC10-021,,C,Traces of discharges in paper of cone junction of HV cable,D1,single_fault,inspection (IEC TC 10),210.0,22.0,7.0,6.0,6.0,19.0,74.0,True,,True,True
TC10-022,IEC TC 10,TC10-022,,R,Sparking from bushing to tank,D1,single_fault,inspection (IEC TC 10),385.0,60.0,159.0,53.0,8.0,465.0,1250.0,True,,True,True
TC10-023,IEC TC 10,TC10-023,,R,Sparking from bushing to tank,D1,single_fault,inspection (IEC TC 10),4230.0,690.0,1180.0,196.0,5.0,438.0,791.0,True,,True,True
TC10-024,IEC TC 10,TC10-024,,R,Tracking in paper,D1,single_fault,inspection (IEC TC 10),7600.0,1230.0,1560.0,836.0,318.0,4970.0,4080.0,True,,True,True
TC10-025,IEC TC 10,TC10-025,,P,Low energy arcing on bushing,D1,single_fault,inspection (IEC TC 10),595.0,80.0,244.0,89.0,9.0,524.0,2100.0,True,,True,True
TC10-026,IEC TC 10,TC10-026,,R,Low energy in core,D1,single_fault,inspection (IEC TC 10),120.0,25.0,40.0,8.0,1.0,500.0,1600.0,True,,True,True
TC10-027,IEC TC 10,TC10-027,,S,Contamination from OLTC,D1,single_fault,inspection (IEC TC 10),8.0,,101.0,43.0,,192.0,4067.0,True,,True,True
TC10-028,IEC TC 10,TC10-028,,R,Tracking in insulation,D1,single_fault,inspection (IEC TC 10),6454.0,2313.0,6432.0,2159.0,121.0,3628.0,225.0,True,,True,True
TC10-029,IEC TC 10,TC10-029,,R,Tracking from windings to beam,D1,single_fault,inspection (IEC TC 10),2177.0,1049.0,705.0,440.0,207.0,4571.0,3923.0,True,,True,True
TC10-030,IEC TC 10,TC10-030,,R,Sparking / Tracking in insulation,D1,single_fault,inspection (IEC TC 10),1790.0,580.0,619.0,336.0,321.0,956.0,4250.0,True,,True,True
TC10-031,IEC TC 10,TC10-031,,P,Sparking from core to ground,D1,single_fault,inspection (IEC TC 10),1330.0,10.0,182.0,66.0,20.0,231.0,1820.0,True,,True,True
TC10-032,IEC TC 10,TC10-032,,U,Contamination from OLTC,D1,single_fault,inspection (IEC TC 10),4.0,1.0,52.0,7.0,2.0,93.0,519.0,True,,True,True
TC10-033,IEC TC 10,TC10-033,,U,Defective OLTC operation,D1,single_fault,inspection (IEC TC 10),1900.0,285.0,7730.0,957.0,31.0,681.0,732.0,True,,True,True
TC10-034,IEC TC 10,TC10-034,,B,Low energy arcing in bushing,D1,single_fault,inspection (IEC TC 10),57.0,24.0,30.0,27.0,2.0,540.0,2518.0,True,,True,True
TC10-035,IEC TC 10,TC10-035,,B,"Low energy discharge in oil, signs of tracking along inner porcelain",D1,single_fault,inspection (IEC TC 10),1000.0,500.0,500.0,400.0,1.0,200.0,1000.0,True,,True,True
TC10-036,IEC TC 10,TC10-036,,P,"Flahover from LV to ground, external",D2,single_fault,inspection (IEC TC 10),440.0,89.0,757.0,304.0,19.0,299.0,1190.0,True,,True,True
TC10-037,IEC TC 10,TC10-037,,S,Arc in selector switch,D2,single_fault,inspection (IEC TC 10),210.0,43.0,187.0,102.0,12.0,167.0,1070.0,True,,True,True
TC10-038,IEC TC 10,TC10-038,,U,Short circuit in distribution windings,D2,single_fault,inspection (IEC TC 10),2850.0,1115.0,3675.0,1987.0,138.0,2330.0,4330.0,True,,True,True
TC10-039,IEC TC 10,TC10-039,,U,"Short circuit from LV to ground, internal",D2,single_fault,inspection (IEC TC 10),7020.0,1850.0,4410.0,2960.0,,2140.0,1000.0,True,,True,True
TC10-040,IEC TC 10,TC10-040,,P,Short circuit from LV to connector,D2,single_fault,inspection (IEC TC 10),545.0,130.0,239.0,153.0,16.0,660.0,2850.0,True,,True,True
TC10-041,IEC TC 10,TC10-041,,P,Arcing from windings to porcelain,D2,single_fault,inspection (IEC TC 10),7150.0,1440.0,1760.0,1210.0,97.0,608.0,2260.0,True,,True,True
TC10-042,IEC TC 10,TC10-042,,U,Tertiary windings damaged by arcing,D2,single_fault,inspection (IEC TC 10),620.0,325.0,244.0,181.0,38.0,1480.0,2530.0,True,,True,True
TC10-043,IEC TC 10,TC10-043,,R,Arcing in wet cellulose,D2,single_fault,inspection (IEC TC 10),120.0,31.0,94.0,66.0,,48.0,271.0,True,,True,True
TC10-044,IEC TC 10,TC10-044,,P,Short circuit in windings,D2,single_fault,inspection (IEC TC 10),755.0,229.0,460.0,404.0,32.0,845.0,5580.0,True,,True,True
TC10-045,IEC TC 10,TC10-045,,R,Arcing from windings to ground (inadvertent piece leftover),D2,single_fault,inspection (IEC TC 10),5100.0,1430.0,1010.0,1140.0,,117.0,197.0,True,,True,True
TC10-046,IEC TC 10,TC10-046,,U,Short circuit in windings,D2,single_fault,inspection (IEC TC 10),13500.0,6110.0,4040.0,4510.0,212.0,8690.0,1460.0,True,,True,True
TC10-047,IEC TC 10,TC10-047,,P,"Bushing swollen, tank opened",D2,single_fault,inspection (IEC TC 10),1570.0,1110.0,1830.0,1780.0,175.0,135.0,602.0,True,,True,True
TC10-048,IEC TC 10,TC10-048,,P,Arcing to magnetic circuit (ground),D2,single_fault,inspection (IEC TC 10),3090.0,5020.0,2540.0,3800.0,323.0,270.0,400.0,True,,True,True
TC10-049,IEC TC 10,TC10-049,,P,Short circuit between conductors,D2,single_fault,inspection (IEC TC 10),1820.0,405.0,634.0,365.0,35.0,1010.0,8610.0,True,,True,True
TC10-050,IEC TC 10,TC10-050,,R,Arcing inside windings,D2,single_fault,inspection (IEC TC 10),535.0,160.0,680.0,305.0,16.0,172.0,338.0,True,,True,True
TC10-051,IEC TC 10,TC10-051,,U,Flash-over between dislocated connection and HV bushing turret,D2,single_fault,inspection (IEC TC 10),13.0,3.0,6.0,3.0,1.0,4.0,51.0,True,,True,True
TC10-052,IEC TC 10,TC10-052,,U,Flash-over due to lightning overvoltage with burnt insulation and leads,D2,single_fault,inspection (IEC TC 10),137.0,67.0,104.0,53.0,7.0,196.0,1678.0,True,,True,True
TC10-053,IEC TC 10,TC10-053,,S,Arcing on selector switch ring,D2,single_fault,inspection (IEC TC 10),1084.0,188.0,769.0,166.0,8.0,38.0,199.0,True,,True,True
TC10-054,IEC TC 10,TC10-054,,U,"Arcing between connections to tap changer, burnt areas on windings",D2,single_fault,inspection (IEC TC 10),34.0,21.0,56.0,49.0,4.0,95.0,315.0,True,,True,True
TC10-055,IEC TC 10,TC10-055,,I,Arcing in static shield connections,D2,single_fault,inspection (IEC TC 10),7940.0,2000.0,5390.0,3120.0,355.0,1130.0,285.0,True,,True,True
TC10-056,IEC TC 10,TC10-056,,C,"Very short HV high energy discharge, followed by tracking",D2,single_fault,inspection (IEC TC 10),150.0,130.0,30.0,55.0,9.0,120.0,200.0,True,,True,True
TC10-057,IEC TC 10,TC10-057,,R,Arcing from bushing to tank,D2,single_fault,inspection (IEC TC 10),8200.0,3790.0,5830.0,4620.0,250.0,31.0,85.0,True,,True,True
TC10-058,IEC TC 10,TC10-058,,P,Arcing in windings,D2,single_fault,inspection (IEC TC 10),260.0,215.0,277.0,334.0,35.0,130.0,416.0,True,,True,True
TC10-059,IEC TC 10,TC10-059,,P,Arcing in windings,D2,single_fault,inspection (IEC TC 10),75.0,15.0,26.0,14.0,7.0,105.0,322.0,True,,True,True
TC10-060,IEC TC 10,TC10-060,,R,Arcing in windings,D2,single_fault,inspection (IEC TC 10),530.0,345.0,250.0,266.0,85.0,3900.0,20000.0,True,,True,True
TC10-061,IEC TC 10,TC10-061,,P,Arcing in oil,D2,single_fault,inspection (IEC TC 10),60.0,5.0,21.0,21.0,2.0,188.0,2510.0,True,,True,True
TC10-062,IEC TC 10,TC10-062,,R,Arcing in wndings,D2,single_fault,inspection (IEC TC 10),90.0,28.0,32.0,31.0,8.0,1380.0,11700.0,True,,True,True
TC10-063,IEC TC 10,TC10-063,,R,Arcing in wndings,D2,single_fault,inspection (IEC TC 10),220.0,77.0,240.0,170.0,22.0,1800.0,13800.0,True,,True,True
TC10-064,IEC TC 10,TC10-064,,R,Arcing in wndings,D2,single_fault,inspection (IEC TC 10),5900.0,1500.0,2300.0,1200.0,68.0,750.0,335.0,True,,True,True
TC10-065,IEC TC 10,TC10-065,,U,Arcing in wndings,D2,single_fault,inspection (IEC TC 10),420.0,250.0,800.0,530.0,41.0,300.0,751.0,True,,True,True
TC10-066,IEC TC 10,TC10-066,,R,Arcing from bushing to tank,D2,single_fault,inspection (IEC TC 10),2800.0,2800.0,3600.0,3500.0,234.0,92.0,718.0,True,,True,True
TC10-067,IEC TC 10,TC10-067,,R,Arcing in bushing,D2,single_fault,inspection (IEC TC 10),99.0,170.0,190.0,200.0,20.0,140.0,1160.0,True,,True,True
TC10-068,IEC TC 10,TC10-068,,U,Arcing in oil duct,D2,single_fault,inspection (IEC TC 10),310.0,230.0,760.0,610.0,54.0,150.0,631.0,True,,True,True
TC10-069,IEC TC 10,TC10-069,,U,Arcing in oil duct,D2,single_fault,inspection (IEC TC 10),800.0,160.0,600.0,260.0,23.0,490.0,690.0,True,,True,True
TC10-070,IEC TC 10,TC10-070,,P,Arcing from bushing to tank,D2,single_fault,inspection (IEC TC 10),1500.0,395.0,323.0,395.0,28.0,365.0,576.0,True,,True,True
TC10-071,IEC TC 10,TC10-071,,P,Arcing from windings to core,D2,single_fault,inspection (IEC TC 10),20000.0,13000.0,57000.0,29000.0,1850.0,2600.0,2430.0,True,,True,True
TC10-072,IEC TC 10,TC10-072,,R,Arcing in windings (molten metal),D2,single_fault,inspection (IEC TC 10),305.0,85.0,130.0,197.0,25.0,813.0,8380.0,True,,True,True
TC10-073,IEC TC 10,TC10-073,,R,Arcing in windings,D2,single_fault,inspection (IEC TC 10),1900.0,530.0,434.0,383.0,35.0,1890.0,7570.0,True,,True,True
TC10-074,IEC TC 10,TC10-074,,R,Arcing in windings,D2,single_fault,inspection (IEC TC 10),110.0,62.0,250.0,140.0,90.0,680.0,6470.0,True,,True,True
TC10-075,IEC TC 10,TC10-075,,P,Arcing in oil (turret),D2,single_fault,inspection (IEC TC 10),3700.0,1690.0,3270.0,2810.0,128.0,22.0,86.0,True,,True,True
TC10-076,IEC TC 10,TC10-076,,P,Arcing in oil (turret),D2,single_fault,inspection (IEC TC 10),2770.0,660.0,763.0,712.0,54.0,522.0,1490.0,True,,True,True
TC10-077,IEC TC 10,TC10-077,,R,Arcing from bushing to tank,D2,single_fault,inspection (IEC TC 10),245.0,120.0,167.0,131.0,18.0,829.0,4250.0,True,,True,True
TC10-078,IEC TC 10,TC10-078,,P,Arcing from HV to tank,D2,single_fault,inspection (IEC TC 10),1170.0,255.0,325.0,312.0,18.0,5.0,1800.0,True,,True,True
TC10-079,IEC TC 10,TC10-079,,R,Arcing from bushing to tank,D2,single_fault,inspection (IEC TC 10),4419.0,3564.0,2025.0,2861.0,668.0,909.0,9082.0,True,,True,True
TC10-080,IEC TC 10,TC10-080,,R,Arcing in bushing,D2,single_fault,inspection (IEC TC 10),810.0,580.0,490.0,570.0,111.0,1100.0,6800.0,True,,True,True
TC10-081,IEC TC 10,TC10-081,,R,Arcing in bushing insulation,D2,single_fault,inspection (IEC TC 10),5000.0,1200.0,1100.0,1000.0,83.0,140.0,265.0,True,,True,True
TC10-082,IEC TC 10,TC10-082,,U,Arcing in OLTC and windings,D2,single_fault,inspection (IEC TC 10),10000.0,6730.0,10400.0,7330.0,345.0,1980.0,3830.0,True,,True,True
TC10-083,IEC TC 10,TC10-083,,U,Arcing in oil from copper bus to tank,D2,single_fault,inspection (IEC TC 10),1570.0,735.0,1740.0,1330.0,87.0,711.0,4240.0,True,,True,True
TC10-084,IEC TC 10,TC10-084,,P,High circulating currents between conductors with winding damage,T2,single_fault,"inspection (IEC TC 10, thermal < 700 C); T1/T2 split by IEC C2H4/C2H6 ratio",1270.0,3450.0,8.0,1390.0,520.0,483.0,44500.0,True,,True,True
TC10-085,IEC TC 10,TC10-085,,P,Circulating currents in LV windings and core,T2,single_fault,"inspection (IEC TC 10, thermal < 700 C); T1/T2 split by IEC C2H4/C2H6 ratio",3420.0,7870.0,33.0,6990.0,1500.0,573.0,4640.0,True,,True,True
TC10-086,IEC TC 10,TC10-086,,I,Thermal runaway inside thick insulation with puncture / carbonization of paper,T2,single_fault,"inspection (IEC TC 10, thermal < 700 C); T1/T2 split by IEC C2H4/C2H6 ratio",360.0,610.0,9.0,260.0,259.0,12000.0,74200.0,True,,True,True
TC10-087,IEC TC 10,TC10-087,,I,Thermal runaway in thick paper insulation,T1,single_fault,"inspection (IEC TC 10, thermal < 700 C); T1/T2 split by IEC C2H4/C2H6 ratio",1.0,27.0,1.0,4.0,49.0,53.0,254.0,True,,False,True
TC10-088,IEC TC 10,TC10-088,,U,"Blackened area within windings, interturn fault, open circuit parallel path",T2,single_fault,"inspection (IEC TC 10, thermal < 700 C); T1/T2 split by IEC C2H4/C2H6 ratio",3675.0,6392.0,5.0,7691.0,2500.0,101.0,833.0,True,,True,True
TC10-089,IEC TC 10,TC10-089,,P,"Vertical bar buses burnt out, carbonization of paper strips",T1,single_fault,"inspection (IEC TC 10, thermal < 700 C); T1/T2 split by IEC C2H4/C2H6 ratio",48.0,610.0,,10.0,29.0,1900.0,970.0,True,,True,True
TC10-090,IEC TC 10,TC10-090,,P,Carbonized windings during heat run tests,T2,single_fault,"inspection (IEC TC 10, thermal < 700 C); T1/T2 split by IEC C2H4/C2H6 ratio",12.0,18.0,,4.0,4.0,559.0,1710.0,True,,False,True
TC10-091,IEC TC 10,TC10-091,,P,Circulating currents in magnetic tank shunt during heat run tests,T2,single_fault,"inspection (IEC TC 10, thermal < 700 C); T1/T2 split by IEC C2H4/C2H6 ratio",66.0,60.0,,7.0,2.0,76.0,90.0,True,,False,True
TC10-092,IEC TC 10,TC10-092,,U,Overheating of core to ground and insulation shields (narrow oil ducts),T2,single_fault,"inspection (IEC TC 10, thermal < 700 C); T1/T2 split by IEC C2H4/C2H6 ratio",1450.0,940.0,61.0,322.0,211.0,2420.0,3560.0,True,,True,True
TC10-093,IEC TC 10,TC10-093,,B,Hot spot with carbon formation,T2,single_fault,"inspection (IEC TC 10, thermal < 700 C); T1/T2 split by IEC C2H4/C2H6 ratio",,18900.0,330.0,540.0,410.0,3900.0,710.0,True,,True,True
TC10-094,IEC TC 10,TC10-094,,I,Hot spot in paper,T2,single_fault,"inspection (IEC TC 10, thermal < 700 C); T1/T2 split by IEC C2H4/C2H6 ratio",960.0,4000.0,6.0,1560.0,1290.0,15800.0,50300.0,True,,True,True
TC10-095,IEC TC 10,TC10-095,,I,Hot spot in paper,T2,single_fault,"inspection (IEC TC 10, thermal < 700 C); T1/T2 split by IEC C2H4/C2H6 ratio",24700.0,61000.0,1560.0,42100.0,26300.0,14400.0,30400.0,True,,True,True
TC10-096,IEC TC 10,TC10-096,,P,Overheating of conductor < 200 °C,T1,single_fault,"inspection (IEC TC 10, thermal < 700 C); T1/T2 split by IEC C2H4/C2H6 ratio",14.0,44.0,1.0,7.0,124.0,128.0,2746.0,True,,True,True
TC10-097,IEC TC 10,TC10-097,,R,Low temperature overheating of clamping beams of yokes by stray flux,T1,single_fault,"inspection (IEC TC 10, thermal < 700 C); T1/T2 split by IEC C2H4/C2H6 ratio",2031.0,149.0,,3.0,20.0,556.0,3008.0,True,,True,True
TC10-098,IEC TC 10,TC10-098,,R,"Idem, with carbonization of beams",T2,single_fault,"inspection (IEC TC 10, thermal < 700 C); T1/T2 split by IEC C2H4/C2H6 ratio",480.0,1075.0,,1132.0,298.0,464.0,1000.0,True,,True,True
TC10-099,IEC TC 10,TC10-099,,B,Thermodielectric failure,T2,single_fault,"inspection (IEC TC 10, thermal < 700 C); T1/T2 split by IEC C2H4/C2H6 ratio",40000.0,400.0,6.0,600.0,70.0,800.0,218.0,True,,True,True
TC10-100,IEC TC 10,TC10-100,,P,Hot spot at connection,T3,single_fault,inspection (IEC TC 10),8800.0,64064.0,,95650.0,72128.0,290.0,90300.0,True,,True,True
TC10-101,IEC TC 10,TC10-101,,P,Circulating currents between yoke clamps and connecting bolts,T3,single_fault,inspection (IEC TC 10),6709.0,10500.0,750.0,17700.0,1400.0,290.0,1500.0,True,,True,True
TC10-102,IEC TC 10,TC10-102,,S,Pyrolitic carbon growth between selector contacts,T3,single_fault,inspection (IEC TC 10),1100.0,1600.0,26.0,2010.0,221.0,,1430.0,True,,True,True
TC10-103,IEC TC 10,TC10-103,,P,Steel lamination eroded,T3,single_fault,inspection (IEC TC 10),290.0,966.0,57.0,1810.0,299.0,72.0,756.0,True,,True,True
TC10-104,IEC TC 10,TC10-104,,P,Circulating currents in clamping bolt,T3,single_fault,inspection (IEC TC 10),2500.0,10500.0,6.0,13500.0,4790.0,530.0,2310.0,True,,True,True
TC10-105,IEC TC 10,TC10-105,,U,Contacts of selector switch burnt,T3,single_fault,inspection (IEC TC 10),1860.0,4980.0,1600.0,10700.0,,158.0,1300.0,True,,True,True
TC10-106,IEC TC 10,TC10-106,,U,Lengthy overheating of tap changer contacts,T3,single_fault,inspection (IEC TC 10),860.0,1670.0,40.0,2050.0,30.0,10.0,690.0,True,,True,True
TC10-107,IEC TC 10,TC10-107,,U,Defects on contacts of tap changer selector,T3,single_fault,inspection (IEC TC 10),150.0,22.0,11.0,60.0,9.0,,,True,,True,True
TC10-108,IEC TC 10,TC10-108,,P,High contact resistance of winding terminal,T3,single_fault,inspection (IEC TC 10),400.0,940.0,24.0,820.0,210.0,390.0,1700.0,True,,True,True
TC10-109,IEC TC 10,TC10-109,,P,Ground wiring burnt and ruptured by circulating current,T3,single_fault,inspection (IEC TC 10),6.0,2990.0,67.0,26076.0,29990.0,6.0,26.0,True,,True,True
TC10-110,IEC TC 10,TC10-110,,U,Burnt copper contacts in change over selector,T3,single_fault,inspection (IEC TC 10),100.0,200.0,11.0,670.0,110.0,100.0,650.0,True,,True,True
TC10-111,IEC TC 10,TC10-111,,P,Bad contact in windings,T3,single_fault,inspection (IEC TC 10),290.0,1260.0,8.0,820.0,231.0,228.0,826.0,True,,True,True
TC10-112,IEC TC 10,TC10-112,,R,Bad contact in defective weld in windings,T3,single_fault,inspection (IEC TC 10),1550.0,2740.0,184.0,5450.0,816.0,1140.0,9360.0,True,,True,True
TC10-113,IEC TC 10,TC10-113,,R,Hot spots in laminations,T3,single_fault,inspection (IEC TC 10),3910.0,4290.0,1230.0,6040.0,626.0,1800.0,11500.0,True,,True,True
TC10-114,IEC TC 10,TC10-114,,R,Hot spot in laminations (molten steel),T3,single_fault,inspection (IEC TC 10),12705.0,23498.0,5188.0,34257.0,6047.0,4004.0,8539.0,True,,True,True
TC10-115,IEC TC 10,TC10-115,,R,Hot spot on bushing,T3,single_fault,inspection (IEC TC 10),1.0,8.0,6.0,100.0,8.0,300.0,5130.0,True,,True,True
TC10-116,IEC TC 10,TC10-116,,R,High temperature in laminations,T3,single_fault,inspection (IEC TC 10),300.0,700.0,36.0,1700.0,280.0,760.0,9250.0,True,,True,True
TC10-117,IEC TC 10,TC10-117,,P,Burnt lamination during heat run test,T3,single_fault,inspection (IEC TC 10),107.0,143.0,2.0,222.0,34.0,193.0,1330.0,True,,True,True
IE-001,IEEE DataPort,IE-001,,,Partial discharge,PD,single_fault,IEEE DataPort label (as published),3930.0,2397.0,0.0,0.0,157.0,,,True,,True,True
IE-080,IEEE DataPort,IE-080,,,Arc discharge,D2,single_fault,IEEE DataPort label (as published),810.0,280.0,490.0,570.0,111.0,,,True,,True,True
IE-102,IEEE DataPort,IE-102,,,High-temperature overheating,T3,single_fault,IEEE DataPort label (as published),54.54,71.93,6.58,97.37,9.72,,,True,,True,True
IE-103,IEEE DataPort,IE-103,,,High-temperature overheating,T3,single_fault,IEEE DataPort label (as published),116.17,180.83,5.36,278.18,52.48,,,True,,True,True
IE-104,IEEE DataPort,IE-104,,,Arc discharge,D2,single_fault,IEEE DataPort label (as published),5760.0,540.0,2760.0,1000.0,40.5,,,True,,True,True
IE-105,IEEE DataPort,IE-105,,,Middle-temperature overheating,T2,single_fault,IEEE DataPort label (as published),50.18,171.12,0.0,148.69,74.7,,,True,,True,True
IE-106,IEEE DataPort,IE-106,,,Middle-temperature overheating,T2,single_fault,IEEE DataPort label (as published),20.0,80.2,0.0,68.6,24.6,,,True,,True,True
IE-107,IEEE DataPort,IE-107,,,High-temperature overheating,T3,single_fault,IEEE DataPort label (as published),28.97,10.94,4.36,6.96,1.64,,,True,,False,True
IE-108,IEEE DataPort,IE-108,,,High-temperature overheating,T3,single_fault,IEEE DataPort label (as published),15.9,55.98,0.21,137.25,22.33,,,True,,True,True
IE-109,IEEE DataPort,IE-109,,,Low-temperature overheating,T1,single_fault,IEEE DataPort label (as published),47.6,19.1,0.72,27.0,4.21,,,True,,False,True
IE-110,IEEE DataPort,IE-110,,,Arc discharge,D2,single_fault,IEEE DataPort label (as published),40.0,102.6,0.2,183.3,32.3,,,True,,True,True
IE-111,IEEE DataPort,IE-111,,,High-temperature overheating,T3,single_fault,IEEE DataPort label (as published),50.35,65.58,0.96,99.13,21.05,,,True,,True,True
IE-112,IEEE DataPort,IE-112,,,Low-temperature overheating,T1,single_fault,IEEE DataPort label (as published),2.369,119.69,0.0,20.15,21.891,,,True,,True,True
IE-113,IEEE DataPort,IE-113,,,High-temperature overheating,T3,single_fault,IEEE DataPort label (as published),120.45,210.91,15.86,285.39,35.7,,,True,,True,True
IE-114,IEEE DataPort,IE-114,,,Spark discharge,D1,single_fault,IEEE DataPort label (as published),87.17,17.26,32.81,12.87,3.94,,,True,,True,True
IE-115,IEEE DataPort,IE-115,,,High-temperature overheating,T3,single_fault,IEEE DataPort label (as published),5.48,48.82,0.3,489.57,96.81,,,True,,True,True
IE-116,IEEE DataPort,IE-116,,,High-temperature overheating,T3,single_fault,IEEE DataPort label (as published),605.0,1586.0,2.3,1901.0,655.0,,,True,,True,True
IE-117,IEEE DataPort,IE-117,,,Spark discharge,D1,single_fault,IEEE DataPort label (as published),1.96,2.1,1.59,0.67,0.5,,,True,,False,True
IE-118,IEEE DataPort,IE-118,,,Partial discharge,PD,single_fault,IEEE DataPort label (as published),462.0,212.4,0.0,0.0,31.6,,,True,,True,True
IE-119,IEEE DataPort,IE-119,,,High-temperature overheating,T3,single_fault,IEEE DataPort label (as published),25.4,54.97,10.47,77.84,8.72,,,True,,True,True
IE-120,IEEE DataPort,IE-120,,,High-temperature overheating,T3,single_fault,IEEE DataPort label (as published),131.7,116.55,0.32,183.97,19.4,,,True,,True,True
IE-121,IEEE DataPort,IE-121,,,Spark discharge,D1,single_fault,IEEE DataPort label (as published),7911.85,947.43,4844.48,907.19,96.93,,,True,,True,True
IE-122,IEEE DataPort,IE-122,,,Spark discharge,D1,single_fault,IEEE DataPort label (as published),21.0,2.01,5.61,1.48,0.46,,,True,,True,True
IE-123,IEEE DataPort,IE-123,,,High-temperature overheating,T3,single_fault,IEEE DataPort label (as published),676.74,969.55,17.48,2483.26,570.57,,,True,,True,True
IE-124,IEEE DataPort,IE-124,,,Arc discharge,D2,single_fault,IEEE DataPort label (as published),7238.97,695.16,2308.92,2394.3,231.6,,,True,,True,True
IE-125,IEEE DataPort,IE-125,,,High-temperature overheating,T3,single_fault,IEEE DataPort label (as published),101.5,24.45,0.0,128.37,8.97,,,True,,True,True
IE-126,IEEE DataPort,IE-126,,,High-temperature overheating,T3,duplicate,IEEE DataPort label (as published),73.8,148.0,1.76,181.0,38.9,,,True,NC-0225,True,True
IE-127,IEEE DataPort,IE-127,,,Spark discharge,D1,single_fault,IEEE DataPort label (as published),34.76,5.52,10.36,4.97,2.09,,,True,,True,True
IE-128,IEEE DataPort,IE-128,,,High-temperature overheating,T3,single_fault,IEEE DataPort label (as published),18.19,21.99,3.97,46.92,6.58,,,True,,False,True
IE-129,IEEE DataPort,IE-129,,,Spark discharge,D1,single_fault,IEEE DataPort label (as published),1.6,1.0,1.6,0.9,0.1,,,True,,False,True
IE-130,IEEE DataPort,IE-130,,,High-temperature overheating,T3,single_fault,IEEE DataPort label (as published),22400.0,22400.0,1570.0,13440.0,2690.0,,,True,,True,True
IE-131,IEEE DataPort,IE-131,,,Middle-temperature overheating,T2,single_fault,IEEE DataPort label (as published),670.0,224.0,2.0,67.0,45.0,,,True,,True,True
IE-132,IEEE DataPort,IE-132,,,Low-temperature overheating,T1,single_fault,IEEE DataPort label (as published),224.0,4.5,0.0,0.0,2.0,,,True,,True,True
IE-133,IEEE DataPort,IE-133,,,Low-temperature overheating,T1,single_fault,IEEE DataPort label (as published),900.0,9180.0,22.0,900.0,0.0,,,True,,True,True
IE-134,IEEE DataPort,IE-134,,,Low-temperature overheating,T1,single_fault,IEEE DataPort label (as published),0.0,224.0,0.0,45.0,0.0,,,True,,True,True
IE-135,IEEE DataPort,IE-135,,,Low-temperature overheating,T1,single_fault,IEEE DataPort label (as published),470.0,4637.0,0.0,448.0,1300.0,,,True,,True,True
IE-136,IEEE DataPort,IE-136,,,Low-temperature overheating,T1,single_fault,IEEE DataPort label (as published),65.0,20.0,0.0,5.0,10.0,,,True,,False,True
IE-137,IEEE DataPort,IE-137,,,Low-temperature overheating,T1,single_fault,IEEE DataPort label (as published),53.0,39.0,0.0,4.5,3.0,,,True,,False,True
IE-138,IEEE DataPort,IE-138,,,Low-temperature overheating,T1,single_fault,IEEE DataPort label (as published),219.0,44.0,0.0,3.0,3.0,,,True,,True,True
IE-139,IEEE DataPort,IE-139,,,Low-temperature overheating,T1,single_fault,IEEE DataPort label (as published),37.0,47.0,0.0,5.5,10.0,,,True,,False,True
IE-140,IEEE DataPort,IE-140,,,Low-temperature overheating,T1,single_fault,IEEE DataPort label (as published),34.0,30.0,0.0,2.5,34.0,,,True,,False,True
IE-141,IEEE DataPort,IE-141,,,Low-temperature overheating,T1,single_fault,IEEE DataPort label (as published),14.0,62.0,0.0,3.0,16.0,,,True,,False,True
IE-142,IEEE DataPort,IE-142,,,High-temperature overheating,T3,single_fault,IEEE DataPort label (as published),65.0,34.0,0.0,112.0,16.0,,,True,,True,True
IE-143,IEEE DataPort,IE-143,,,Middle-temperature overheating,T2,single_fault,IEEE DataPort label (as published),0.7,1.5,0.0,1.8,0.3,,,True,,False,True
IE-144,IEEE DataPort,IE-144,,,Middle-temperature overheating,T2,single_fault,IEEE DataPort label (as published),0.0,0.2,0.0,0.13,0.1,,,True,,False,True
IE-145,IEEE DataPort,IE-145,,,Low-temperature overheating,T1,single_fault,IEEE DataPort label (as published),48.0,40.0,0.0,0.5,11.0,,,True,,False,True
IE-146,IEEE DataPort,IE-146,,,Low-temperature overheating,T1,single_fault,IEEE DataPort label (as published),130.0,140.0,0.0,120.0,24.0,,,True,,True,True
IE-147,IEEE DataPort,IE-147,,,Low-temperature overheating,T1,single_fault,IEEE DataPort label (as published),86.0,8.0,0.0,2.5,2.5,,,True,,False,True
IE-148,IEEE DataPort,IE-148,,,Low-temperature overheating,T1,single_fault,IEEE DataPort label (as published),6.0,3.0,0.0,0.7,0.8,,,True,,False,True
IE-149,IEEE DataPort,IE-149,,,Low-temperature overheating,T1,single_fault,IEEE DataPort label (as published),50.0,3.0,0.0,0.0,1.0,,,True,,False,True
IE-150,IEEE DataPort,IE-150,,,Low-temperature overheating,T1,single_fault,IEEE DataPort label (as published),55.0,22.0,0.0,2.6,0.5,,,True,,False,True
IE-151,IEEE DataPort,IE-151,,,Low-temperature overheating,T1,single_fault,IEEE DataPort label (as published),78.0,66.0,0.0,2.6,62.0,,,True,,False,True
IE-152,IEEE DataPort,IE-152,,,Partial discharge,PD,single_fault,IEEE DataPort label (as published),1600.0,3600.0,0.0,14.0,670.0,,,True,,True,True
IE-153,IEEE DataPort,IE-153,,,Partial discharge,PD,duplicate,IEEE DataPort label (as published),6600.0,1000.0,19.0,2.0,38.0,,,True,Duval2002-III-2,True,True
IE-154,IEEE DataPort,IE-154,,,Partial discharge,PD,single_fault,IEEE DataPort label (as published),88.0,9.0,0.0,0.03,0.0,,,True,,False,True
IE-155,IEEE DataPort,IE-155,,,Partial discharge,PD,single_fault,IEEE DataPort label (as published),2240.0,168.0,0.0,0.0,25.0,,,True,,True,True
IE-156,IEEE DataPort,IE-156,,,Partial discharge,PD,single_fault,IEEE DataPort label (as published),1950.0,123.0,2.0,2.0,38.0,,,True,,True,True
IE-157,IEEE DataPort,IE-157,,,Partial discharge,PD,single_fault,IEEE DataPort label (as published),2240.0,157.0,45.0,45.0,90.0,,,True,,True,True
IE-158,IEEE DataPort,IE-158,,,Spark discharge,D1,single_fault,IEEE DataPort label (as published),73.0,8.0,12.0,2.0,4.0,,,True,,True,True
IE-159,IEEE DataPort,IE-159,,,Spark discharge,D1,duplicate,IEEE DataPort label (as published),5000.0,4000.0,8000.0,2000.0,2000.0,,,True,Duval2002-III-8,True,True
IE-160,IEEE DataPort,IE-160,,,Spark discharge,D1,duplicate,IEEE DataPort label (as published),24.3,15.7,29.8,11.2,6.4,,,True,Duval2002-III-9,True,True
IE-161,IEEE DataPort,IE-161,,,Spark discharge,D1,single_fault,IEEE DataPort label (as published),2240.0,360.0,828.0,169.0,25.0,,,True,,True,True
IE-162,IEEE DataPort,IE-162,,,Spark discharge,D1,single_fault,IEEE DataPort label (as published),4480.0,560.0,896.0,403.0,380.0,,,True,,True,True
IE-163,IEEE DataPort,IE-163,,,Spark discharge,D1,single_fault,IEEE DataPort label (as published),2240.0,560.0,940.0,450.0,380.0,,,True,,True,True
IE-164,IEEE DataPort,IE-164,,,Spark discharge,D1,duplicate,IEEE DataPort label (as published),200.0,230.0,480.0,170.0,2.0,,,True,Duval2002-III-13,True,True
IE-165,IEEE DataPort,IE-165,,,Spark discharge,D1,single_fault,IEEE DataPort label (as published),60.0,5.0,29.0,6.0,1.0,,,True,,True,True
IE-166,IEEE DataPort,IE-166,,,Spark discharge,D1,duplicate,IEEE DataPort label (as published),890.0,110.0,700.0,84.0,3.0,,,True,Duval2002-III-15,True,True
IE-167,IEEE DataPort,IE-167,,,Spark discharge,D1,single_fault,IEEE DataPort label (as published),41.0,112.0,4536.0,254.0,0.0,,,True,,True,True
IE-168,IEEE DataPort,IE-168,,,Arc discharge,D2,single_fault,IEEE DataPort label (as published),16000.0,4000.0,16000.0,8500.0,500.0,,,True,,True,True
IE-169,IEEE DataPort,IE-169,,,High-temperature overheating,T3,single_fault,IEEE DataPort label (as published),21.0,75.0,0.0,126.0,24.0,,,True,,True,True
IE-170,IEEE DataPort,IE-170,,,Middle-temperature overheating,T2,single_fault,IEEE DataPort label (as published),111.0,559.0,0.0,707.0,243.0,,,True,,True,True
IE-171,IEEE DataPort,IE-171,,,Middle-temperature overheating,T2,single_fault,IEEE DataPort label (as published),23.0,59.9,0.1,56.9,18.6,,,True,,False,True
IE-172,IEEE DataPort,IE-172,,,High-temperature overheating,T3,single_fault,IEEE DataPort label (as published),740.0,2227.0,42.0,4258.0,567.0,,,True,,True,True
IE-173,IEEE DataPort,IE-173,,,High-temperature overheating,T3,single_fault,IEEE DataPort label (as published),388.0,860.0,18.3,1833.0,230.0,,,True,,True,True
IE-174,IEEE DataPort,IE-174,,,Middle-temperature overheating,T2,single_fault,IEEE DataPort label (as published),84.0,126.0,0.37,132.2,28.9,,,True,,True,True
IE-175,IEEE DataPort,IE-175,,,Middle-temperature overheating,T2,single_fault,IEEE DataPort label (as published),362.0,533.0,10.0,553.0,91.0,,,True,,True,True
IE-176,IEEE DataPort,IE-176,,,High-temperature overheating,T3,single_fault,IEEE DataPort label (as published),103.0,221.7,0.9,422.0,47.2,,,True,,True,True
IE-177,IEEE DataPort,IE-177,,,Arc discharge,D2,single_fault,IEEE DataPort label (as published),1769.7,554.2,885.7,1066.7,145.2,,,True,,True,True
IE-178,IEEE DataPort,IE-178,,,Spark discharge,D1,single_fault,IEEE DataPort label (as published),38.0,3.7,19.4,4.1,0.0,,,True,,True,True
IE-179,IEEE DataPort,IE-179,,,Spark discharge,D1,single_fault,IEEE DataPort label (as published),700.0,137.4,936.6,194.8,14.9,,,True,,True,True
IE-180,IEEE DataPort,IE-180,,,Spark discharge,D1,single_fault,IEEE DataPort label (as published),253.0,21.5,72.4,16.1,5.9,,,True,,True,True
IE-181,IEEE DataPort,IE-181,,,Spark discharge,D1,single_fault,IEEE DataPort label (as published),131.0,32.0,38.7,18.8,7.3,,,True,,True,True
IE-182,IEEE DataPort,IE-182,,,Spark discharge,D1,single_fault,IEEE DataPort label (as published),116.0,20.0,54.0,27.0,7.0,,,True,,True,True
IE-183,IEEE DataPort,IE-183,,,Spark discharge,D1,single_fault,IEEE DataPort label (as published),70.0,3.8,31.1,3.2,0.6,,,True,,True,True
IE-184,IEEE DataPort,IE-184,,,Spark discharge,D1,single_fault,IEEE DataPort label (as published),34.0,18.9,5.6,9.4,3.7,,,True,,True,True
IE-185,IEEE DataPort,IE-185,,,Arc discharge,D2,single_fault,IEEE DataPort label (as published),390.0,62.6,133.6,65.3,12.8,,,True,,True,True
NC-0001,NCEPR,NC-C001,2005.07.19,浙江飞云变220kV,高能放电，放电故障，电弧放电,D2,single_fault,case book: fault cause established per transformer (inspection/repair record),810.0,168.0,257.3,198.4,12.2,690.0,4280.0,True,,True,True
NC-0002,NCEPR,NC-C002,2006.05.17,杨柳青变电站220kV,高能放电，放电故障，电弧放电,D2,single_fault,case book: fault cause established per transformer (inspection/repair record),6.54,4.58,0.0,0.69,0.37,412.36,598.64,True,,False,False
NC-0003,NCEPR,NC-C003,2011.01.21,白沙变电站220kV,高能放电，放电故障，电弧放电,D2,single_fault,case book: fault cause established per transformer (inspection/repair record),59.75,49.25,36.56,57.57,11.2,1666.05,4493.1,True,,True,True
NC-0004,NCEPR,NC-C003,2011.01.21,白沙变电站220kV,高能放电，放电故障，电弧放电,D2,single_fault,case book: fault cause established per transformer (inspection/repair record),4750.18,671.29,2255.46,2150.97,3059.71,7078.68,69351.36,True,,True,True
NC-0005,NCEPR,NC-C003,2011.01.21,白沙变电站220kV,高能放电，放电故障，电弧放电,D2,single_fault,case book: fault cause established per transformer (inspection/repair record),85.36,72.05,44.8,73.75,13.43,1665.91,5992.36,True,,True,True
NC-0006,NCEPR,NC-C003,2011.01.21,白沙变电站220kV,高能放电，放电故障，电弧放电,D2,single_fault,case book: fault cause established per transformer (inspection/repair record),79169.65,1721.25,2211.24,1473.27,1330.31,58989.01,75381.91,True,,True,True
NC-0007,NCEPR,NC-C003,2011.01.21,白沙变电站220kV,高能放电，放电故障，电弧放电,D2,single_fault,case book: fault cause established per transformer (inspection/repair record),157454.0,3435.0,4561.31,2616.53,3224.53,117949.3,73873.86,True,,True,True
NC-0008,NCEPR,NC-C003,2011.01.21,白沙变电站220kV,高能放电，放电故障，电弧放电,D2,single_fault,case book: fault cause established per transformer (inspection/repair record),9447.24,1339.65,4652.54,3820.13,7416.42,14153.92,67963.95,True,,True,True
NC-0009,NCEPR,NC-C004,2008.09.13,北郊变330kV,高能放电，放电故障，电弧放电,D2,single_fault,case book: fault cause established per transformer (inspection/repair record),72.0,31.0,56.1,57.7,3.8,558.0,2479.0,True,,True,True
NC-0010,NCEPR,NC-C005,2007.06.25,河寨站330kV,高能放电，放电故障，电弧放电,D2,single_fault,case book: fault cause established per transformer (inspection/repair record),23.0,5.8,3.62,3.1,1.0,242.0,451.0,True,,False,False
NC-0011,NCEPR,NC-C005,2007.04.17,河寨站330kV,高能放电，放电故障，电弧放电,D2,single_fault,case book: fault cause established per transformer (inspection/repair record),8.0,2.6,0.0,1.0,0.6,157.0,231.0,True,,False,False
NC-0012,NCEPR,NC-C005,2007.05.23,河寨站330kV,高能放电，放电故障，电弧放电,D2,single_fault,case book: fault cause established per transformer (inspection/repair record),4.0,3.6,0.0,0.8,1.0,184.0,243.0,True,,False,False
NC-0013,NCEPR,NC-C005,2007.06.25,河寨站330kV,高能放电，放电故障，电弧放电,D2,single_fault,case book: fault cause established per transformer (inspection/repair record),2142.0,234.0,86.9,57.4,4.5,1734.0,428.0,True,,True,True
NC-0014,NCEPR,NC-C006,2014.08.07,双庙站220kV,高能放电，放电故障，电弧放电,D2,single_fault,case book: fault cause established per transformer (inspection/repair record),10.0,7.2,8.7,4.7,1.2,1140.0,3000.0,True,,True,True
NC-0015,NCEPR,NC-C006,2014.08.07,双庙站220kV,高能放电，放电故障，电弧放电,D2,single_fault,case book: fault cause established per transformer (inspection/repair record),18.0,14.4,16.2,10.8,1.8,1200.0,3300.0,True,,True,True
NC-0016,NCEPR,NC-C006,2014.08.07,双庙站220kV,高能放电，放电故障，电弧放电,D2,single_fault,case book: fault cause established per transformer (inspection/repair record),83.0,229.9,205.26,110.97,28.0,1.2,1.145,True,,True,True
NC-0017,NCEPR,NC-C006,2014.08.07,双庙站220kV,高能放电，放电故障，电弧放电,D2,single_fault,case book: fault cause established per transformer (inspection/repair record),4.0,5.3,4.4,2.4,0.99,1130.0,3000.0,True,,False,False
NC-0018,NCEPR,NC-C006,2014.08.07,双庙站220kV,高能放电，放电故障，电弧放电,D2,single_fault,case book: fault cause established per transformer (inspection/repair record),4.3,2.5,0.0,0.47,1.1,1000.0,2500.0,True,,False,False
NC-0019,NCEPR,NC-C007,2010.07.10,东北旺站110kV,高能放电，放电故障，电弧放电,D2,single_fault,case book: fault cause established per transformer (inspection/repair record),2054.7,206.4,376.6,146.8,0.0,2950.2,886.9,True,,True,True
NC-0020,NCEPR,NC-C007,2010.07.10,东北旺站110kV,高能放电，放电故障，电弧放电,D2,single_fault,case book: fault cause established per transformer (inspection/repair record),296.4,92.1,384.9,209.1,0.0,587.5,825.3,True,,True,True
NC-0021,NCEPR,NC-C008,2010.02.02,武胜变750kV,高能放电，放电故障，电弧放电,D2,single_fault,case book: fault cause established per transformer (inspection/repair record),0.0,0.56,0.0,0.0,0.0,10.23,246.32,True,,False,False
NC-0022,NCEPR,NC-C008,2010.01.31,武胜变750kV,高能放电，放电故障，电弧放电,D2,single_fault,case book: fault cause established per transformer (inspection/repair record),0.0,0.28,0.0,0.0,0.0,1.59,239.82,True,,False,False
NC-0023,NCEPR,NC-C008,2010.02.03,武胜变750kV,高能放电，放电故障，电弧放电,D2,single_fault,case book: fault cause established per transformer (inspection/repair record),11504.03,1950.14,10830.26,3117.15,376.64,1107.39,540.57,True,,True,True
NC-0024,NCEPR,NC-C009,2015.10.08,白水变电站110kV,高能放电，放电故障，电弧放电,D2,single_fault,case book: fault cause established per transformer (inspection/repair record),43.0,19.73,24.8,15.77,4.07,971.41,2576.16,True,,True,True
NC-0025,NCEPR,NC-C009,2015.04.07,白水变电站110kV,高能放电，放电故障，电弧放电,D2,single_fault,case book: fault cause established per transformer (inspection/repair record),4.12,11.39,0.0,4.93,3.99,1375.36,3356.89,True,,False,False
NC-0026,NCEPR,NC-C010,2012.04.20 ,东丰变电站500kV,高能放电，放电故障，电弧放电,D2,single_fault,case book: fault cause established per transformer (inspection/repair record),13.0,7.9,0.0,0.78,0.66,298.0,1363.0,True,,False,False
NC-0027,NCEPR,NC-C010,2012.02.07 ,东丰变电站500kV,高能放电，放电故障，电弧放电,D2,single_fault,case book: fault cause established per transformer (inspection/repair record),11.0,6.61,0.0,0.52,0.71,309.0,1321.0,True,,False,False
NC-0028,NCEPR,NC-C010,2011.10.17 ,东丰变电站500kV,高能放电，放电故障，电弧放电,D2,single_fault,case book: fault cause established per transformer (inspection/repair record),13.0,6.16,0.0,0.48,0.7,356.0,1719.0,True,,False,False
NC-0029,NCEPR,NC-C010,2012.06.09 ,东丰变电站500kV,高能放电，放电故障，电弧放电,D2,single_fault,case book: fault cause established per transformer (inspection/repair record),1011.0,272.0,217.1,230.01,20.1,768.0,1250.0,True,,True,True
NC-0030,NCEPR,NC-C011,,海兰变66kV,局部放电,PD,single_fault,case book: fault cause established per transformer (inspection/repair record),1733.3,30.48,0.0,0.29,5.11,47.68,317.69,True,,True,True
NC-0031,NCEPR,NC-C011,,海兰变66kV,局部放电,PD,single_fault,case book: fault cause established per transformer (inspection/repair record),1944.65,34.2,0.0,0.31,5.47,57.71,341.13,True,,True,True
NC-0032,NCEPR,NC-C011,,海兰变66kV,局部放电,PD,single_fault,case book: fault cause established per transformer (inspection/repair record),1472.01,23.56,0.0,0.17,3.83,37.67,238.67,True,,True,True
NC-0033,NCEPR,NC-C011,,海兰变66kV,局部放电,PD,single_fault,case book: fault cause established per transformer (inspection/repair record),2066.9,37.65,0.0,0.34,6.22,71.0,388.41,True,,True,True
NC-0034,NCEPR,NC-C011,,海兰变66kV,局部放电,PD,single_fault,case book: fault cause established per transformer (inspection/repair record),1394.8,23.9,0.0,0.28,4.2,570.72,111.01,True,,True,True
NC-0035,NCEPR,NC-C012,,古圣变电站220kV,高能放电，放电故障，电弧放电,D2,single_fault,case book: fault cause established per transformer (inspection/repair record),334.0,121.4,181.9,206.4,20.1,1759.0,5474.0,True,,True,True
NC-0036,NCEPR,NC-C012,,古圣变电站220kV,高能放电，放电故障，电弧放电,D2,single_fault,case book: fault cause established per transformer (inspection/repair record),5.0,18.0,0.0,11.2,7.2,1500.0,5737.0,True,,False,False
NC-0037,NCEPR,NC-C012,,古圣变电站220kV,高能放电，放电故障，电弧放电,D2,single_fault,case book: fault cause established per transformer (inspection/repair record),345.0,123.5,189.8,213.3,20.9,1778.0,5619.0,True,,True,True
NC-0038,NCEPR,NC-C012,,古圣变电站220kV,高能放电，放电故障，电弧放电,D2,single_fault,case book: fault cause established per transformer (inspection/repair record),7.0,16.9,0.0,10.8,7.1,1479.0,6323.0,True,,False,False
NC-0039,NCEPR,NC-C012,,古圣变电站220kV,高能放电，放电故障，电弧放电,D2,single_fault,case book: fault cause established per transformer (inspection/repair record),331.0,121.5,191.1,215.3,20.6,1737.0,5515.0,True,,True,True
NC-0040,NCEPR,NC-C012,,古圣变电站220kV,高能放电，放电故障，电弧放电,D2,single_fault,case book: fault cause established per transformer (inspection/repair record),343.0,105.5,170.0,201.2,19.6,1700.0,5541.0,True,,True,True
NC-0041,NCEPR,NC-C012,,古圣变电站220kV,高能放电，放电故障，电弧放电,D2,single_fault,case book: fault cause established per transformer (inspection/repair record),5.0,17.6,0.0,11.6,7.5,1438.0,6163.0,True,,False,False
NC-0042,NCEPR,NC-C013,,南坪变电站220kV,高能放电，放电故障，电弧放电,D2,single_fault,case book: fault cause established per transformer (inspection/repair record),15.1,12.2,4.1,21.4,3.5,617.6,2941.2,True,,False,False
NC-0043,NCEPR,NC-C013,,南坪变电站220kV,高能放电，放电故障，电弧放电,D2,single_fault,case book: fault cause established per transformer (inspection/repair record),29.2,14.1,10.0,26.7,3.6,695.9,3172.8,True,,True,True
NC-0044,NCEPR,NC-C013,,南坪变电站220kV,高能放电，放电故障，电弧放电,D2,single_fault,case book: fault cause established per transformer (inspection/repair record),33.4,15.1,11.6,27.6,3.8,692.7,3136.1,True,,True,True
NC-0045,NCEPR,NC-C013,,南坪变电站220kV,高能放电，放电故障，电弧放电,D2,single_fault,case book: fault cause established per transformer (inspection/repair record),15.3,11.0,4.5,21.8,3.3,670.7,2977.2,True,,False,False
NC-0046,NCEPR,NC-C013,,南坪变电站220kV,高能放电，放电故障，电弧放电,D2,single_fault,case book: fault cause established per transformer (inspection/repair record),2.8,5.4,0.0,16.2,2.7,631.4,1913.2,True,,False,False
NC-0047,NCEPR,NC-C014,,潜山变电站110kV,高能放电，放电故障，电弧放电,D2,single_fault,case book: fault cause established per transformer (inspection/repair record),16.0,7.2,0.0,2.6,1.1,795.0,1385.0,True,,False,False
NC-0048,NCEPR,NC-C014,,潜山变电站110kV,高能放电，放电故障，电弧放电,D2,single_fault,case book: fault cause established per transformer (inspection/repair record),4.0,1.6,0.0,0.8,0.3,178.0,491.0,True,,False,False
NC-0049,NCEPR,NC-C014,,潜山变电站110kV,高能放电，放电故障，电弧放电,D2,single_fault,case book: fault cause established per transformer (inspection/repair record),255.0,31.4,272.9,48.4,0.0,283.0,978.0,True,,True,True
NC-0050,NCEPR,NC-C014,,潜山变电站110kV,高能放电，放电故障，电弧放电,D2,single_fault,case book: fault cause established per transformer (inspection/repair record),18.0,5.8,0.0,1.0,0.7,607.0,1171.0,True,,False,False
NC-0051,NCEPR,NC-C014,,潜山变电站110kV,高能放电，放电故障，电弧放电,D2,single_fault,case book: fault cause established per transformer (inspection/repair record),22.0,5.7,0.0,1.6,0.8,472.0,1621.0,True,,False,False
NC-0052,NCEPR,NC-C014,,潜山变电站110kV,高能放电，放电故障，电弧放电,D2,single_fault,case book: fault cause established per transformer (inspection/repair record),1.0,0.6,0.0,0.3,0.0,6.0,127.0,True,,False,False
NC-0053,NCEPR,NC-C014,,潜山变电站110kV,高能放电，放电故障，电弧放电,D2,single_fault,case book: fault cause established per transformer (inspection/repair record),7.0,2.8,0.0,0.5,0.3,262.0,523.0,True,,False,False
NC-0054,NCEPR,NC-C014,,潜山变电站110kV,高能放电，放电故障，电弧放电,D2,single_fault,case book: fault cause established per transformer (inspection/repair record),20.0,10.5,0.0,2.9,1.4,1025.0,1966.0,True,,False,False
NC-0055,NCEPR,NC-C014,,潜山变电站110kV,高能放电，放电故障，电弧放电,D2,single_fault,case book: fault cause established per transformer (inspection/repair record),2.0,0.4,0.0,0.2,0.0,3.0,116.0,True,,False,False
NC-0056,NCEPR,NC-C015,,榕城站1000kV,低能放电,D1,single_fault,case book: fault cause established per transformer (inspection/repair record),0.0,13.23,44.38,11.52,1.83,161.97,237.99,True,,True,True
NC-0057,NCEPR,NC-C015,,榕城站1000kV,低能放电,D1,single_fault,case book: fault cause established per transformer (inspection/repair record),0.0,0.4,0.0,0.9,0.0,45.0,116.0,True,,False,False
NC-0058,NCEPR,NC-C015,,榕城站1000kV,低能放电,D1,single_fault,case book: fault cause established per transformer (inspection/repair record),1.1,1.7,0.0,0.0,0.0,60.0,143.0,True,,False,False
NC-0059,NCEPR,NC-C015,,榕城站1000kV,低能放电,D1,single_fault,case book: fault cause established per transformer (inspection/repair record),0.0,0.5,0.0,0.0,0.0,67.0,231.0,True,,False,False
NC-0060,NCEPR,NC-C015,,榕城站1000kV,低能放电,D1,single_fault,case book: fault cause established per transformer (inspection/repair record),0.0,0.4,0.0,0.0,0.0,60.0,228.0,True,,False,False
NC-0061,NCEPR,NC-C016,,炳灵变电站330kV,高能放电，放电故障，电弧放电,D2,single_fault,case book: fault cause established per transformer (inspection/repair record),31.0,43.0,0.0,11.0,0.0,255.0,255.0,True,,False,False
NC-0062,NCEPR,NC-C016,,炳灵变电站330kV,高能放电，放电故障，电弧放电,D2,single_fault,case book: fault cause established per transformer (inspection/repair record),0.0,1.0,0.0,0.0,0.0,2.0,118.0,True,,False,False
NC-0063,NCEPR,NC-C016,,炳灵变电站330kV,高能放电，放电故障，电弧放电,D2,single_fault,case book: fault cause established per transformer (inspection/repair record),20.0,23.0,0.0,0.0,11.0,237.0,497.0,True,,False,False
NC-0064,NCEPR,NC-C017,,麦积山变电站750kV,高能放电，放电故障，电弧放电,D2,single_fault,case book: fault cause established per transformer (inspection/repair record),1246.27,333.91,447.1,165.25,4.79,852.61,141.87,True,,True,True
NC-0065,NCEPR,NC-C017,,麦积山变电站750kV,高能放电，放电故障，电弧放电,D2,single_fault,case book: fault cause established per transformer (inspection/repair record),0.63,239.86,323.24,122.69,3.91,767.85,144.21,True,,True,True
NC-0066,NCEPR,NC-C017,,麦积山变电站750kV,高能放电，放电故障，电弧放电,D2,single_fault,case book: fault cause established per transformer (inspection/repair record),0.58,271.68,375.29,147.38,5.05,798.29,291.85,True,,True,True
NC-0067,NCEPR,NC-C017,,麦积山变电站750kV,高能放电，放电故障，电弧放电,D2,single_fault,case book: fault cause established per transformer (inspection/repair record),49.62,1.13,0.0,0.0,0.0,47.2,159.5,True,,False,False
NC-0068,NCEPR,NC-C018,,和阳站220kV,高能放电，放电故障，电弧放电,D2,single_fault,case book: fault cause established per transformer (inspection/repair record),33.04,2.29,0.0,0.31,0.0,133.61,517.14,True,,False,False
NC-0069,NCEPR,NC-C018,,和阳站220kV,高能放电，放电故障，电弧放电,D2,single_fault,case book: fault cause established per transformer (inspection/repair record),446.39,144.72,887.55,219.78,15.36,347.57,631.76,True,,True,True
NC-0070,NCEPR,NC-C019,,留古站220kV,高能放电，放电故障，电弧放电,D2,single_fault,case book: fault cause established per transformer (inspection/repair record),39.4,24.3,2.9,33.1,3.8,128.8,846.3,True,,False,False
NC-0071,NCEPR,NC-C019,,留古站220kV,高能放电，放电故障，电弧放电,D2,single_fault,case book: fault cause established per transformer (inspection/repair record),30.7,2.5,0.0,0.2,0.8,126.7,1000.0,True,,False,False
NC-0072,NCEPR,NC-C019,,留古站220kV,高能放电，放电故障，电弧放电,D2,single_fault,case book: fault cause established per transformer (inspection/repair record),29.3,1.8,0.0,0.0,0.5,154.2,928.5,True,,False,False
NC-0073,NCEPR,NC-C019,,留古站220kV,高能放电，放电故障，电弧放电,D2,single_fault,case book: fault cause established per transformer (inspection/repair record),46.7,27.1,3.2,35.8,4.0,153.9,958.3,True,,False,False
NC-0074,NCEPR,NC-C019,,留古站220kV,高能放电，放电故障，电弧放电,D2,single_fault,case book: fault cause established per transformer (inspection/repair record),46.9,25.3,3.3,34.6,4.2,141.8,1075.2,True,,False,False
NC-0075,NCEPR,NC-C019,,留古站220kV,高能放电，放电故障，电弧放电,D2,single_fault,case book: fault cause established per transformer (inspection/repair record),47.62,28.38,3.43,38.86,4.37,166.36,1151.27,True,,False,False
NC-0076,NCEPR,NC-C019,,留古站220kV,高能放电，放电故障，电弧放电,D2,single_fault,case book: fault cause established per transformer (inspection/repair record),44.1,24.6,3.0,32.7,3.9,139.9,917.3,True,,False,False
NC-0077,NCEPR,NC-C019,,留古站220kV,高能放电，放电故障，电弧放电,D2,single_fault,case book: fault cause established per transformer (inspection/repair record),45.9,26.8,3.1,33.6,4.1,153.1,1021.2,True,,False,False
NC-0078,NCEPR,NC-C020,,前台变电站220kV,高能放电，放电故障，电弧放电,D2,single_fault,case book: fault cause established per transformer (inspection/repair record),387.53,42.96,23.88,9.94,4.1,156.15,915.01,True,,True,True
NC-0079,NCEPR,NC-C020,,前台变电站220kV,高能放电，放电故障，电弧放电,D2,single_fault,case book: fault cause established per transformer (inspection/repair record),441.39,48.69,40.77,15.86,4.14,170.69,795.15,True,,True,True
NC-0080,NCEPR,NC-C020,,前台变电站220kV,高能放电，放电故障，电弧放电,D2,single_fault,case book: fault cause established per transformer (inspection/repair record),390.3,37.04,0.19,0.99,4.65,162.03,1591.19,True,,True,True
NC-0081,NCEPR,NC-C020,,前台变电站220kV,高能放电，放电故障，电弧放电,D2,single_fault,case book: fault cause established per transformer (inspection/repair record),345.93,35.24,0.14,0.43,4.11,134.65,985.58,True,,True,True
NC-0082,NCEPR,NC-C021,,谢庄站220kV,高能放电，放电故障，电弧放电,D2,single_fault,case book: fault cause established per transformer (inspection/repair record),92.58,36.32,40.58,39.71,6.16,728.07,3985.8,True,,True,True
NC-0083,NCEPR,NC-C021,,谢庄站220kV,高能放电，放电故障，电弧放电,D2,single_fault,case book: fault cause established per transformer (inspection/repair record),101.44,42.22,53.68,50.4,7.13,735.41,3889.64,True,,True,True
NC-0084,NCEPR,NC-C022,,南郊变电站330kV,高能放电，放电故障，电弧放电,D2,single_fault,case book: fault cause established per transformer (inspection/repair record),10.0,11.6,0.0,4.9,2.5,61.0,370.0,True,,False,False
NC-0085,NCEPR,NC-C022,,南郊变电站330kV,高能放电，放电故障，电弧放电,D2,single_fault,case book: fault cause established per transformer (inspection/repair record),165.0,70.5,100.5,4.9,77.0,135.0,340.0,True,,True,True
NC-0086,NCEPR,NC-C022,,南郊变电站330kV,高能放电，放电故障，电弧放电,D2,single_fault,case book: fault cause established per transformer (inspection/repair record),14.0,13.5,0.0,5.5,2.0,76.0,512.0,True,,False,False
NC-0087,NCEPR,NC-C022,,南郊变电站330kV,高能放电，放电故障，电弧放电,D2,single_fault,case book: fault cause established per transformer (inspection/repair record),165.0,70.5,100.5,77.0,4.9,135.0,340.0,True,,True,True
NC-0088,NCEPR,NC-C022,,南郊变电站330kV,高能放电，放电故障，电弧放电,D2,single_fault,case book: fault cause established per transformer (inspection/repair record),13.0,14.8,0.0,5.8,1.3,68.0,326.0,True,,False,False
NC-0089,NCEPR,NC-C022,,南郊变电站330kV,高能放电，放电故障，电弧放电,D2,single_fault,case book: fault cause established per transformer (inspection/repair record),14.0,12.9,0.0,5.1,2.7,78.0,467.0,True,,False,False
NC-0090,NCEPR,NC-C022,,南郊变电站330kV,高能放电，放电故障，电弧放电,D2,single_fault,case book: fault cause established per transformer (inspection/repair record),14.0,15.4,0.0,5.6,2.1,77.0,352.0,True,,False,False
NC-0091,NCEPR,NC-C023,,巨丰变电站220kV,低温过热，轻微过热，过热注意区,T1,single_fault,case book: fault cause established per transformer (inspection/repair record),0.0,7.48,0.64,6.63,2.43,281.0,1813.0,True,,False,False
NC-0092,NCEPR,NC-C023,,巨丰变电站220kV,低温过热，轻微过热，过热注意区,T1,single_fault,case book: fault cause established per transformer (inspection/repair record),0.0,7.25,0.6,6.77,2.17,18.7,734.6,True,,False,False
NC-0093,NCEPR,NC-C023,,巨丰变电站220kV,低温过热，轻微过热，过热注意区,T1,single_fault,case book: fault cause established per transformer (inspection/repair record),3.11,11.59,0.77,11.44,4.02,316.3,2903.0,True,,False,False
NC-0094,NCEPR,NC-C024,,四平变电站220kV,高能放电，放电故障，电弧放电,D2,single_fault,case book: fault cause established per transformer (inspection/repair record),0.0,19.66,0.0,30.37,9.98,531.96,3871.24,True,,False,False
NC-0095,NCEPR,NC-C024,,四平变电站220kV,高能放电，放电故障，电弧放电,D2,single_fault,case book: fault cause established per transformer (inspection/repair record),111.71,64.93,168.25,150.23,13.36,681.66,4362.4,True,,True,True
NC-0096,NCEPR,NC-C025,,巴彦变电站220kV,低能放电,D1,single_fault,case book: fault cause established per transformer (inspection/repair record),5.12,31.11,0.0,2.0,9.27,938.58,4578.91,True,,False,False
NC-0097,NCEPR,NC-C025,,巴彦变电站220kV,低能放电,D1,single_fault,case book: fault cause established per transformer (inspection/repair record),7.13,28.22,0.0,1.84,9.5,939.81,3264.51,True,,False,False
NC-0098,NCEPR,NC-C025,,巴彦变电站220kV,低能放电,D1,single_fault,case book: fault cause established per transformer (inspection/repair record),10.81,33.33,2.83,3.83,8.38,1057.37,3225.67,True,,False,False
NC-0099,NCEPR,NC-C025,,巴彦变电站220kV,低能放电,D1,single_fault,case book: fault cause established per transformer (inspection/repair record),5.54,29.43,0.0,1.9,9.83,1046.88,2701.37,True,,False,False
NC-0100,NCEPR,NC-C025,,巴彦变电站220kV,低能放电,D1,single_fault,case book: fault cause established per transformer (inspection/repair record),10.82,33.09,2.26,3.53,10.95,806.58,3696.97,True,,False,False
NC-0101,NCEPR,NC-C025,,巴彦变电站220kV,低能放电,D1,single_fault,case book: fault cause established per transformer (inspection/repair record),14.91,36.86,3.31,3.61,9.26,1168.35,3373.49,True,,False,False
NC-0102,NCEPR,NC-C025,,巴彦变电站220kV,低能放电,D1,single_fault,case book: fault cause established per transformer (inspection/repair record),9.06,33.43,1.99,3.24,10.09,890.64,3401.29,True,,False,False
NC-0103,NCEPR,NC-C025,,巴彦变电站220kV,低能放电,D1,single_fault,case book: fault cause established per transformer (inspection/repair record),6.71,32.25,2.72,4.05,11.52,716.25,2726.06,True,,False,False
NC-0104,NCEPR,NC-C025,,巴彦变电站220kV,低能放电,D1,single_fault,case book: fault cause established per transformer (inspection/repair record),11.79,34.12,1.95,3.62,9.98,858.84,3757.36,True,,False,False
NC-0105,NCEPR,NC-C025,,巴彦变电站220kV,低能放电,D1,single_fault,case book: fault cause established per transformer (inspection/repair record),6.29,26.84,0.0,1.76,9.1,968.96,2534.89,True,,False,False
NC-0106,NCEPR,NC-C025,,巴彦变电站220kV,低能放电,D1,single_fault,case book: fault cause established per transformer (inspection/repair record),6.07,27.96,0.0,2.12,9.23,1102.07,4757.61,True,,False,False
NC-0107,NCEPR,NC-C025,,巴彦变电站220kV,低能放电,D1,single_fault,case book: fault cause established per transformer (inspection/repair record),13.86,37.27,2.27,4.21,10.86,1099.68,3366.58,True,,False,False
NC-0108,NCEPR,NC-C025,,巴彦变电站220kV,低能放电,D1,single_fault,case book: fault cause established per transformer (inspection/repair record),4.61,24.83,0.0,1.58,9.16,1005.68,2532.55,True,,False,False
NC-0109,NCEPR,NC-C025,,巴彦变电站220kV,低能放电,D1,single_fault,case book: fault cause established per transformer (inspection/repair record),10.42,34.47,1.33,4.02,11.94,1039.49,3365.72,True,,False,False
NC-0110,NCEPR,NC-C025,,巴彦变电站220kV,低能放电,D1,single_fault,case book: fault cause established per transformer (inspection/repair record),5.4,26.81,0.0,2.06,9.06,479.21,2024.86,True,,False,False
NC-0111,NCEPR,NC-C025,,巴彦变电站220kV,低能放电,D1,single_fault,case book: fault cause established per transformer (inspection/repair record),11.63,34.8,1.42,3.95,11.39,1044.91,3301.67,True,,False,False
NC-0112,NCEPR,NC-C025,,巴彦变电站220kV,低能放电,D1,single_fault,case book: fault cause established per transformer (inspection/repair record),13.11,35.63,3.14,4.15,10.86,1067.11,3271.51,True,,False,False
NC-0113,NCEPR,NC-C025,,巴彦变电站220kV,低能放电,D1,single_fault,case book: fault cause established per transformer (inspection/repair record),9.14,33.43,2.87,3.99,9.81,834.96,2894.71,True,,False,False
NC-0114,NCEPR,NC-C025,,巴彦变电站220kV,低能放电,D1,single_fault,case book: fault cause established per transformer (inspection/repair record),7.09,33.78,3.42,4.1,11.84,755.88,2794.38,True,,False,False
NC-0115,NCEPR,NC-C025,,巴彦变电站220kV,低能放电,D1,single_fault,case book: fault cause established per transformer (inspection/repair record),13.47,35.75,2.49,4.3,11.31,967.22,3099.8,True,,False,False
NC-0116,NCEPR,NC-C025,,巴彦变电站220kV,低能放电,D1,single_fault,case book: fault cause established per transformer (inspection/repair record),9.89,35.26,2.04,3.19,10.6,934.35,3521.94,True,,False,False
NC-0117,NCEPR,NC-C025,,巴彦变电站220kV,低能放电,D1,single_fault,case book: fault cause established per transformer (inspection/repair record),10.72,34.72,1.62,3.37,12.03,1004.5,3371.21,True,,False,False
NC-0118,NCEPR,NC-C025,,巴彦变电站220kV,低能放电,D1,single_fault,case book: fault cause established per transformer (inspection/repair record),4.41,25.96,0.0,1.96,9.7,835.89,3390.24,True,,False,False
NC-0119,NCEPR,NC-C026,,城前岭变电站220kV,高能放电，放电故障，电弧放电,D2,single_fault,case book: fault cause established per transformer (inspection/repair record),16.75,7.87,0.0,11.43,1.13,864.68,4525.78,True,,False,False
NC-0120,NCEPR,NC-C026,,城前岭变电站220kV,高能放电，放电故障，电弧放电,D2,single_fault,case book: fault cause established per transformer (inspection/repair record),1337.27,274.34,838.71,483.26,14.06,1184.02,7321.07,True,,True,True
NC-0121,NCEPR,NC-C026,,城前岭变电站220kV,高能放电，放电故障，电弧放电,D2,single_fault,case book: fault cause established per transformer (inspection/repair record),4756.4,3.46,0.0,2.64,2.4,200.68,1769.09,True,,True,True
NC-0122,NCEPR,NC-C026,,城前岭变电站220kV,高能放电，放电故障，电弧放电,D2,single_fault,case book: fault cause established per transformer (inspection/repair record),11.11,7.32,0.0,11.43,1.01,851.03,4445.22,True,,False,False
NC-0123,NCEPR,NC-C027,,坪塘变电1120kV,高能放电，放电故障，电弧放电,D2,single_fault,case book: fault cause established per transformer (inspection/repair record),1388.7,190.3,824.75,203.7,20.05,511.84,9128.35,True,,True,True
NC-0124,NCEPR,NC-C027,,坪塘变电1120kV,高能放电，放电故障，电弧放电,D2,single_fault,case book: fault cause established per transformer (inspection/repair record),13.58,11.9,0.0,5.94,5.29,1127.22,8612.52,True,,False,False
NC-0125,NCEPR,NC-C027,,坪塘变电1120kV,高能放电，放电故障，电弧放电,D2,single_fault,case book: fault cause established per transformer (inspection/repair record),1368.0,153.0,794.0,194.0,18.6,477.0,8595.0,True,,True,True
NC-0126,NCEPR,NC-C027,,坪塘变电1120kV,高能放电，放电故障，电弧放电,D2,single_fault,case book: fault cause established per transformer (inspection/repair record),23.26,21.98,3.52,19.3,6.03,406.69,9867.37,True,,False,False
NC-0127,NCEPR,NC-C027,,坪塘变电1120kV,高能放电，放电故障，电弧放电,D2,single_fault,case book: fault cause established per transformer (inspection/repair record),1302.25,202.42,911.25,215.65,21.63,599.8,11165.92,True,,True,True
NC-0128,NCEPR,NC-C027,,坪塘变电1120kV,高能放电，放电故障，电弧放电,D2,single_fault,case book: fault cause established per transformer (inspection/repair record),19.7,8.42,4.29,7.02,2.18,376.81,5602.17,True,,False,False
NC-0129,NCEPR,NC-C027,,坪塘变电1120kV,高能放电，放电故障，电弧放电,D2,single_fault,case book: fault cause established per transformer (inspection/repair record),46.34,33.94,1.09,8.99,1.97,2350.57,9619.42,True,,False,False
NC-0130,NCEPR,NC-C027,,坪塘变电1120kV,高能放电，放电故障，电弧放电,D2,single_fault,case book: fault cause established per transformer (inspection/repair record),19.05,13.06,1.92,12.38,3.11,505.45,738.77,True,,False,False
NC-0131,NCEPR,NC-C027,,坪塘变电1120kV,高能放电，放电故障，电弧放电,D2,single_fault,case book: fault cause established per transformer (inspection/repair record),19.77,4.99,5.3,5.46,0.0,420.92,3426.15,True,,True,True
NC-0132,NCEPR,NC-C027,,坪塘变电1120kV,高能放电，放电故障，电弧放电,D2,single_fault,case book: fault cause established per transformer (inspection/repair record),18.8,20.09,1.19,16.6,6.61,491.46,11454.97,True,,False,False
NC-0133,NCEPR,NC-C028,,石段变电站110kV,高温过热,T3,single_fault,case book: fault cause established per transformer (inspection/repair record),51.49,58.81,4.51,53.66,14.88,1618.81,12078.86,True,,False,False
NC-0134,NCEPR,NC-C028,,石段变电站110kV,高温过热,T3,single_fault,case book: fault cause established per transformer (inspection/repair record),26.71,43.64,3.76,34.21,9.19,1131.67,8939.62,True,,False,False
NC-0135,NCEPR,NC-C029,,岭南66kV变电站,高能放电，放电故障，电弧放电,D2,single_fault,case book: fault cause established per transformer (inspection/repair record),42.77,3.56,0.0,0.61,4.18,195.22,537.14,True,,False,False
NC-0136,NCEPR,NC-C029,,岭南66kV变电站,高能放电，放电故障，电弧放电,D2,single_fault,case book: fault cause established per transformer (inspection/repair record),9.97,2.43,0.0,0.48,2.97,142.87,475.08,True,,False,False
NC-0137,NCEPR,NC-C029,,岭南66kV变电站,高能放电，放电故障，电弧放电,D2,single_fault,case book: fault cause established per transformer (inspection/repair record),1.65,1.17,0.0,0.0,0.31,4.25,428.96,True,,False,False
NC-0138,NCEPR,NC-C029,,岭南66kV变电站,高能放电，放电故障，电弧放电,D2,single_fault,case book: fault cause established per transformer (inspection/repair record),262.72,34.91,74.82,31.18,7.54,505.85,999.41,True,,True,True
NC-0191,NCEPR,NC-C033,,乾安变电站66kV,高能放电，放电故障，电弧放电,D2,single_fault,case book: fault cause established per transformer (inspection/repair record),65.0,4.5,0.2,1.9,1.7,358.0,488.0,True,,False,False
NC-0192,NCEPR,NC-C033,,乾安变电站66kV,高能放电，放电故障，电弧放电,D2,single_fault,case book: fault cause established per transformer (inspection/repair record),19.4,4.52,0.11,2.53,1.98,410.99,573.8,True,,False,False
NC-0193,NCEPR,NC-C033,,乾安变电站66kV,高能放电，放电故障，电弧放电,D2,single_fault,case book: fault cause established per transformer (inspection/repair record),28.0,3.4,0.2,2.2,1.7,381.0,659.0,True,,False,False
NC-0194,NCEPR,NC-C033,,乾安变电站66kV,高能放电，放电故障，电弧放电,D2,single_fault,case book: fault cause established per transformer (inspection/repair record),131.3,142.1,841.0,251.8,22.4,250.0,592.3,True,,True,True
NC-0195,NCEPR,NC-C034,,和龙66kV变电站,低能放电,D1,single_fault,case book: fault cause established per transformer (inspection/repair record),1753.85,336.79,859.52,336.48,16.34,239.37,559.34,True,,True,True
NC-0196,NCEPR,NC-C034,,和龙66kV变电站,低能放电,D1,single_fault,case book: fault cause established per transformer (inspection/repair record),0.85,0.35,0.43,0.4,0.47,4.09,107.52,True,,False,False
NC-0197,NCEPR,NC-C034,,和龙66kV变电站,低能放电,D1,single_fault,case book: fault cause established per transformer (inspection/repair record),2160.92,318.82,866.8,350.15,17.3,232.53,520.71,True,,True,True
NC-0198,NCEPR,NC-C035,,沔阳变电站220kV,高能放电，放电故障，电弧放电,D2,single_fault,case book: fault cause established per transformer (inspection/repair record),282.0,153.0,312.0,251.0,20.0,934.0,3340.0,True,,True,True
NC-0199,NCEPR,NC-C035,,沔阳变电站220kV,高能放电，放电故障，电弧放电,D2,single_fault,case book: fault cause established per transformer (inspection/repair record),9.2,9.1,0.0,0.5,1.2,941.0,3073.0,True,,False,False
NC-0200,NCEPR,NC-C035,,沔阳变电站220kV,高能放电，放电故障，电弧放电,D2,single_fault,case book: fault cause established per transformer (inspection/repair record),17.6,19.7,33.8,26.6,2.8,539.0,2754.5,True,,True,True
NC-0201,NCEPR,NC-C036,,响水坝变电站220kV,高能放电，放电故障，电弧放电,D2,single_fault,case book: fault cause established per transformer (inspection/repair record),1242.0,0.0,670.0,0.0,0.0,0.0,0.0,True,,True,True
NC-0202,NCEPR,NC-C037,,立新变220kV,低温过热，轻微过热，过热注意区,T1,single_fault,case book: fault cause established per transformer (inspection/repair record),78.0,268.4,0.0,103.3,198.7,570.3,70.0,True,,True,True
NC-0203,NCEPR,NC-C037,,立新变220kV,低温过热，轻微过热，过热注意区,T1,single_fault,case book: fault cause established per transformer (inspection/repair record),90.0,268.4,0.0,87.3,174.2,529.9,73.0,True,,True,True
NC-0204,NCEPR,NC-C037,,立新变220kV,低温过热，轻微过热，过热注意区,T1,single_fault,case book: fault cause established per transformer (inspection/repair record),20.0,12.7,0.0,1.7,0.4,14.9,191.0,True,,False,False
NC-0205,NCEPR,NC-C037,,立新变220kV,低温过热，轻微过热，过热注意区,T1,single_fault,case book: fault cause established per transformer (inspection/repair record),19.0,13.3,0.0,1.8,0.4,15.5,131.0,True,,False,False
NC-0206,NCEPR,NC-C038,,临川变电站220kV,高能放电，放电故障，电弧放电,D2,single_fault,case book: fault cause established per transformer (inspection/repair record),7.0,17.0,0.0,6.0,6.0,729.0,1836.0,True,,False,False
NC-0207,NCEPR,NC-C038,,临川变电站220kV,高能放电，放电故障，电弧放电,D2,single_fault,case book: fault cause established per transformer (inspection/repair record),1334.0,285.0,804.0,343.0,24.0,1839.0,3404.0,True,,True,True
NC-0208,NCEPR,NC-C039,,临川变电站220kV,高能放电，放电故障，电弧放电,D2,single_fault,case book: fault cause established per transformer (inspection/repair record),113.5,59.9,119.6,92.3,13.2,1819.1,9116.4,True,,True,True
NC-0209,NCEPR,NC-C039,,临川变电站220kV,高能放电，放电故障，电弧放电,D2,single_fault,case book: fault cause established per transformer (inspection/repair record),559156.0,6903.0,7289.0,5321.0,89.0,225858.0,8813.0,True,,True,True
NC-0210,NCEPR,NC-C040,,常林变电站220kV,高能放电，放电故障，电弧放电,D2,single_fault,case book: fault cause established per transformer (inspection/repair record),68.0,6.59,0.0,0.69,1.38,864.0,3567.0,True,,False,False
NC-0211,NCEPR,NC-C041,,大安变电站220kV,高能放电，放电故障，电弧放电,D2,single_fault,case book: fault cause established per transformer (inspection/repair record),515.0,102.0,244.0,142.0,6.4,317.0,439.0,True,,True,True
NC-0212,NCEPR,NC-C041,,大安变电站220kV,高能放电，放电故障，电弧放电,D2,single_fault,case book: fault cause established per transformer (inspection/repair record),87688.0,4901.0,4114.0,1889.0,25.0,13233.0,914.0,True,,True,True
NC-0213,NCEPR,NC-C041,,大安变电站220kV,高能放电，放电故障，电弧放电,D2,single_fault,case book: fault cause established per transformer (inspection/repair record),428.0,67.8,160.59,96.1,4.7,253.0,527.0,True,,True,True
NC-0214,NCEPR,NC-C041,,大安变电站220kV,高能放电，放电故障，电弧放电,D2,single_fault,case book: fault cause established per transformer (inspection/repair record),1486.0,265.0,497.0,264.0,11.1,881.0,426.0,True,,True,True
NC-0215,NCEPR,NC-C042,,胶州变电站220kV,高能放电，放电故障，电弧放电,D2,single_fault,case book: fault cause established per transformer (inspection/repair record),19784.0,787.0,2653.0,1603.0,62.0,8161.0,3580.0,True,,True,True
NC-0216,NCEPR,NC-C043,,齐林变电站220kV,高能放电，放电故障，电弧放电,D2,single_fault,case book: fault cause established per transformer (inspection/repair record),227.0,70.1,130.1,119.0,4.63,402.0,1303.0,True,,True,True
NC-0217,NCEPR,NC-C043,,齐林变电站220kV,高能放电，放电故障，电弧放电,D2,single_fault,case book: fault cause established per transformer (inspection/repair record),287.0,86.9,150.2,140.0,5.61,415.0,1327.0,True,,True,True
NC-0218,NCEPR,NC-C043,,齐林变电站220kV,高能放电，放电故障，电弧放电,D2,single_fault,case book: fault cause established per transformer (inspection/repair record),635.0,209.5,281.7,244.0,8.86,484.0,1322.0,True,,True,True
NC-0219,NCEPR,NC-C043,,齐林变电站220kV,高能放电，放电故障，电弧放电,D2,single_fault,case book: fault cause established per transformer (inspection/repair record),79.0,5.97,9.12,1.03,0.42,441.0,1521.0,True,,True,True
NC-0220,NCEPR,NC-C043,,齐林变电站220kV,高能放电，放电故障，电弧放电,D2,single_fault,case book: fault cause established per transformer (inspection/repair record),2018.0,2175.0,6194.0,4971.0,453.0,601.0,2434.0,True,,True,True
NC-0221,NCEPR,NC-C044,,棋山变电站220kV,高能放电，放电故障，电弧放电,D2,single_fault,case book: fault cause established per transformer (inspection/repair record),8.83,4.46,0.0,3.34,1.36,192.42,726.0,True,,False,False
NC-0222,NCEPR,NC-C044,,棋山变电站220kV,高能放电，放电故障，电弧放电,D2,single_fault,case book: fault cause established per transformer (inspection/repair record),163.79,55.44,112.13,63.24,8.0,228.51,417.84,True,,True,True
NC-0223,NCEPR,NC-C044,,棋山变电站220kV,高能放电，放电故障，电弧放电,D2,single_fault,case book: fault cause established per transformer (inspection/repair record),223.95,58.69,122.98,66.97,6.95,223.16,345.21,True,,True,True
NC-0224,NCEPR,NC-C044,,棋山变电站220kV,高能放电，放电故障，电弧放电,D2,single_fault,case book: fault cause established per transformer (inspection/repair record),278.15,71.51,151.2,84.49,11.66,243.68,0.0,True,,True,True
NC-0225,NCEPR,NC-C045,,仁和变电站220kV,高温过热,T3,single_fault,case book: fault cause established per transformer (inspection/repair record),73.8,148.0,1.76,181.0,38.9,344.0,859.0,True,,True,True
NC-0226,NCEPR,NC-C045,,仁和变电站220kV,高温过热,T3,single_fault,case book: fault cause established per transformer (inspection/repair record),14.8,21.7,0.0,23.5,6.5,254.0,630.0,True,,False,False
NC-0227,NCEPR,NC-C046,,石岛变电站220kV,高能放电，放电故障，电弧放电,D2,single_fault,case book: fault cause established per transformer (inspection/repair record),33.07,3.25,0.0,0.84,0.49,188.0,1090.0,True,,False,False
NC-0228,NCEPR,NC-C046,,石岛变电站220kV,高能放电，放电故障，电弧放电,D2,single_fault,case book: fault cause established per transformer (inspection/repair record),295.36,150.52,91.1,17.72,223.32,239.3,1220.06,True,,True,True
NC-0229,NCEPR,NC-C046,,石岛变电站220kV,高能放电，放电故障，电弧放电,D2,single_fault,case book: fault cause established per transformer (inspection/repair record),28.1,2.7,0.0,0.6,0.4,1146.5,680.3,True,,False,False
NC-0230,NCEPR,NC-C046,,石岛变电站220kV,高能放电，放电故障，电弧放电,D2,single_fault,case book: fault cause established per transformer (inspection/repair record),104.76,56.17,40.86,10.86,113.4,183.35,1189.16,True,,True,True
NC-0231,NCEPR,NC-C046,,石岛变电站220kV,高能放电，放电故障，电弧放电,D2,single_fault,case book: fault cause established per transformer (inspection/repair record),274.77,183.16,98.92,26.83,317.71,219.66,1337.8,True,,True,True
NC-0232,NCEPR,NC-C046,,石岛变电站220kV,高能放电，放电故障，电弧放电,D2,single_fault,case book: fault cause established per transformer (inspection/repair record),262.29,147.27,91.1,16.88,222.83,51.3,130.06,True,,True,True
NC-0233,NCEPR,NC-C047,,苏庄变电站220kV,高能放电，放电故障，电弧放电,D2,single_fault,case book: fault cause established per transformer (inspection/repair record),428.0,14194.0,9069.0,4862.0,148.0,18324.0,2318.0,True,,True,True
NC-0234,NCEPR,NC-C047,,苏庄变电站220kV,高能放电，放电故障，电弧放电,D2,single_fault,case book: fault cause established per transformer (inspection/repair record),515.0,87.0,104.0,82.0,6.87,927.0,2505.0,True,,True,True
NC-0235,NCEPR,NC-C048,,田柳变电站220kV,中温过热,T2,single_fault,case book: fault cause established per transformer (inspection/repair record),21.5,130.0,0.0,144.0,77.2,236.0,4206.0,True,,True,True
NC-0236,NCEPR,NC-C048,,田柳变电站220kV,中温过热,T2,single_fault,case book: fault cause established per transformer (inspection/repair record),25.1,136.0,0.0,153.0,82.6,242.0,4257.0,True,,True,True
NC-0237,NCEPR,NC-C048,,田柳变电站220kV,中温过热,T2,single_fault,case book: fault cause established per transformer (inspection/repair record),24.3,136.0,0.0,158.0,86.1,238.0,4418.0,True,,True,True
NC-0238,NCEPR,NC-C049,,正阳变电站110kV,局部放电,PD,single_fault,case book: fault cause established per transformer (inspection/repair record),1.73,51.3,0.0,0.0,13.96,503.0,1567.0,True,,False,False
NC-0239,NCEPR,NC-C049,,正阳变电站110kV,局部放电,PD,single_fault,case book: fault cause established per transformer (inspection/repair record),4721.3,156.42,0.0,0.0,0.0,703.0,3026.0,True,,True,True
NC-0240,NCEPR,NC-C049,,正阳变电站110kV,局部放电,PD,single_fault,case book: fault cause established per transformer (inspection/repair record),1487.0,30.2,0.0,3.2,21.23,651.0,2122.0,True,,True,True
NC-0241,NCEPR,NC-C049,,正阳变电站110kV,局部放电,PD,single_fault,case book: fault cause established per transformer (inspection/repair record),0.0,0.0,0.0,0.0,0.64,15.0,164.0,True,,False,False
NC-0242,NCEPR,NC-C049,,正阳变电站110kV,局部放电,PD,single_fault,case book: fault cause established per transformer (inspection/repair record),2952.0,205.0,0.0,2.37,35.3,496.0,2063.0,True,,True,True
NC-0243,NCEPR,NC-C049,,正阳变电站110kV,局部放电,PD,single_fault,case book: fault cause established per transformer (inspection/repair record),1747.73,120.98,0.0,2.28,24.48,697.5,1817.14,True,,True,True
NC-0244,NCEPR,NC-C049,,正阳变电站110kV,局部放电,PD,single_fault,case book: fault cause established per transformer (inspection/repair record),1417.6,92.3,0.0,2.37,20.03,435.8,1372.34,True,,True,True
NC-0245,NCEPR,NC-C049,,正阳变电站110kV,局部放电,PD,single_fault,case book: fault cause established per transformer (inspection/repair record),3795.0,225.92,0.0,2.71,42.6,666.0,2890.0,True,,True,True
NC-0246,NCEPR,NC-C049,,正阳变电站110kV,局部放电,PD,single_fault,case book: fault cause established per transformer (inspection/repair record),1476.0,0.0,0.0,3.6,22.5,672.0,2186.0,True,,True,True
NC-0247,NCEPR,NC-C049,,正阳变电站110kV,局部放电,PD,single_fault,case book: fault cause established per transformer (inspection/repair record),3731.0,244.02,0.0,61.43,0.0,692.0,3249.0,True,,True,True
NC-0248,NCEPR,NC-C049,,正阳变电站110kV,局部放电,PD,single_fault,case book: fault cause established per transformer (inspection/repair record),1529.7,115.3,0.0,3.59,24.35,582.4,2499.7,True,,True,True
NC-0249,NCEPR,NC-C049,,正阳变电站110kV,局部放电,PD,single_fault,case book: fault cause established per transformer (inspection/repair record),1511.0,60.1,0.0,3.1,22.49,762.0,2332.0,True,,True,True
NC-0250,NCEPR,NC-C050,,南鲍变电站110kV,高能放电，放电故障，电弧放电,D2,single_fault,case book: fault cause established per transformer (inspection/repair record),53.0,26.0,31.0,97.0,5.3,1245.0,5618.0,True,,True,True
NC-0251,NCEPR,NC-C051,,成武变电站110kV,高能放电，放电故障，电弧放电,D2,single_fault,case book: fault cause established per transformer (inspection/repair record),364.0,740.0,29.95,1100.0,347.22,812.0,8891.0,True,,True,True
NC-0252,NCEPR,NC-C051,,成武变电站110kV,高能放电，放电故障，电弧放电,D2,single_fault,case book: fault cause established per transformer (inspection/repair record),34.0,22.16,0.0,93.47,15.78,924.0,3402.0,True,,False,False
NC-0253,NCEPR,NC-C051,,成武变电站110kV,高能放电，放电故障，电弧放电,D2,single_fault,case book: fault cause established per transformer (inspection/repair record),315177.0,15996.3,9348.78,4280.15,270.4,32080.0,4653.0,True,,True,True
NC-0254,NCEPR,NC-C052,,（沂水）崔家峪变电站110kV,套管-渗漏油,OTHER,other,case book: fault cause established per transformer (inspection/repair record),18.0,1.05,0.0,0.2,0.6,30.82,246.71,True,,False,False
NC-0255,NCEPR,NC-C052,,（沂水）崔家峪变电站110kV,套管-渗漏油,OTHER,other,case book: fault cause established per transformer (inspection/repair record),18.0,1.03,0.0,0.2,0.6,30.82,246.71,True,,False,False
NC-0256,NCEPR,NC-C053,,博山变电站220kV,高能放电，放电故障，电弧放电,D2,single_fault,case book: fault cause established per transformer (inspection/repair record),29.0,15.09,0.0,10.43,4.18,541.0,4510.0,True,,False,False
NC-0257,NCEPR,NC-C053,,博山变电站220kV,高能放电，放电故障，电弧放电,D2,single_fault,case book: fault cause established per transformer (inspection/repair record),63.0,20.77,12.23,19.51,4.94,559.0,4644.0,True,,True,True
NC-0258,NCEPR,NC-C053,,博山变电站220kV,高能放电，放电故障，电弧放电,D2,single_fault,case book: fault cause established per transformer (inspection/repair record),69.4,22.51,14.03,20.59,6.37,623.0,4886.0,True,,True,True
NC-0259,NCEPR,NC-C053,,博山变电站220kV,高能放电，放电故障，电弧放电,D2,single_fault,case book: fault cause established per transformer (inspection/repair record),32.0,13.18,0.0,5.02,2.96,549.0,3457.0,True,,False,False
NC-0260,NCEPR,NC-C053,,博山变电站220kV,高能放电，放电故障，电弧放电,D2,single_fault,case book: fault cause established per transformer (inspection/repair record),60.0,20.0,12.09,19.11,4.97,564.0,4690.0,True,,True,True
NC-0261,NCEPR,NC-C053,,博山变电站220kV,高能放电，放电故障，电弧放电,D2,single_fault,case book: fault cause established per transformer (inspection/repair record),17.0,11.3,0.0,8.04,3.08,539.0,4458.0,True,,False,False
NC-0262,NCEPR,NC-C053,,博山变电站220kV,高能放电，放电故障，电弧放电,D2,single_fault,case book: fault cause established per transformer (inspection/repair record),26.0,11.01,0.0,8.38,3.14,478.0,3143.0,True,,False,False
NC-0263,NCEPR,NC-C053,,博山变电站220kV,高能放电，放电故障，电弧放电,D2,single_fault,case book: fault cause established per transformer (inspection/repair record),26.0,12.87,0.0,4.48,1.45,538.0,3591.0,True,,False,False
NC-0264,NCEPR,NC-C053,,博山变电站220kV,高能放电，放电故障，电弧放电,D2,single_fault,case book: fault cause established per transformer (inspection/repair record),30.0,13.45,0.0,10.94,4.63,592.0,2876.0,True,,False,False
NC-0265,NCEPR,NC-C053,,博山变电站220kV,高能放电，放电故障，电弧放电,D2,single_fault,case book: fault cause established per transformer (inspection/repair record),25.0,13.36,0.0,7.76,4.36,570.0,3210.0,True,,False,False
NC-0266,NCEPR,NC-C053,,博山变电站220kV,高能放电，放电故障，电弧放电,D2,single_fault,case book: fault cause established per transformer (inspection/repair record),17.0,12.01,0.0,7.35,2.68,521.0,3481.0,True,,False,False
NC-0267,NCEPR,NC-C053,,博山变电站220kV,高能放电，放电故障，电弧放电,D2,single_fault,case book: fault cause established per transformer (inspection/repair record),21.0,11.81,0.0,5.39,1.83,482.0,3284.0,True,,False,False
NC-0268,NCEPR,NC-C053,,博山变电站220kV,高能放电，放电故障，电弧放电,D2,single_fault,case book: fault cause established per transformer (inspection/repair record),31.0,17.12,0.0,12.34,4.77,589.0,4560.0,True,,False,False
NC-0269,NCEPR,NC-C053,,博山变电站220kV,高能放电，放电故障，电弧放电,D2,single_fault,case book: fault cause established per transformer (inspection/repair record),67.63,22.18,13.94,20.92,5.9,621.0,4891.0,True,,True,True
NC-0270,NCEPR,NC-C053,,博山变电站220kV,高能放电，放电故障，电弧放电,D2,single_fault,case book: fault cause established per transformer (inspection/repair record),63.8,21.88,13.28,20.08,5.41,637.0,5002.0,True,,True,True
NC-0271,NCEPR,NC-C054,,龙泉变电站220kV,中温过热,T2,single_fault,case book: fault cause established per transformer (inspection/repair record),329.0,17.62,0.0,68.5,4.01,578.0,11359.0,True,,True,True
NC-0272,NCEPR,NC-C054,,龙泉变电站220kV,中温过热,T2,single_fault,case book: fault cause established per transformer (inspection/repair record),471.0,23.97,0.0,72.9,5.98,649.0,19474.0,True,,True,True
NC-0273,NCEPR,NC-C054,,龙泉变电站220kV,中温过热,T2,single_fault,case book: fault cause established per transformer (inspection/repair record),465.0,25.12,0.0,79.23,6.8,455.0,6407.0,True,,True,True
NC-0274,NCEPR,NC-C054,,龙泉变电站220kV,中温过热,T2,single_fault,case book: fault cause established per transformer (inspection/repair record),194.0,15.47,0.0,46.86,2.63,359.0,4383.0,True,,True,True
NC-0275,NCEPR,NC-C054,,龙泉变电站220kV,中温过热,T2,single_fault,case book: fault cause established per transformer (inspection/repair record),186.0,13.63,0.0,56.88,2.28,340.0,4032.0,True,,True,True
NC-0276,NCEPR,NC-C054,,龙泉变电站220kV,中温过热,T2,single_fault,case book: fault cause established per transformer (inspection/repair record),471.0,23.97,0.0,72.9,6.98,649.0,19474.0,True,,True,True
NC-0277,NCEPR,NC-C054,,龙泉变电站220kV,中温过热,T2,single_fault,case book: fault cause established per transformer (inspection/repair record),174.0,16.33,0.0,39.61,2.32,333.0,4447.0,True,,True,True
NC-0278,NCEPR,NC-C054,,龙泉变电站220kV,中温过热,T2,single_fault,case book: fault cause established per transformer (inspection/repair record),546.0,25.13,0.0,78.1,6.33,696.0,20491.0,True,,True,True
NC-0279,NCEPR,NC-C054,,龙泉变电站220kV,中温过热,T2,single_fault,case book: fault cause established per transformer (inspection/repair record),395.0,22.5,0.0,69.5,5.8,421.0,5824.0,True,,True,True
NC-0280,NCEPR,NC-C054,,龙泉变电站220kV,中温过热,T2,single_fault,case book: fault cause established per transformer (inspection/repair record),203.0,14.74,0.0,57.3,3.07,362.0,4179.0,True,,True,True
NC-0281,NCEPR,NC-C054,,龙泉变电站220kV,中温过热,T2,single_fault,case book: fault cause established per transformer (inspection/repair record),123.0,12.84,0.0,47.25,4.06,259.0,5275.0,True,,False,False
NC-0282,NCEPR,NC-C054,,龙泉变电站220kV,中温过热,T2,single_fault,case book: fault cause established per transformer (inspection/repair record),313.0,17.53,0.0,54.3,1.97,362.0,4273.0,True,,True,True
NC-0283,NCEPR,NC-C054,,龙泉变电站220kV,中温过热,T2,single_fault,case book: fault cause established per transformer (inspection/repair record),194.0,15.47,0.0,46.86,2.63,359.0,4386.0,True,,True,True
NC-0284,NCEPR,NC-C054,,龙泉变电站220kV,中温过热,T2,single_fault,case book: fault cause established per transformer (inspection/repair record),355.0,19.96,0.0,65.3,5.26,533.0,13082.0,True,,True,True
NC-0285,NCEPR,NC-C054,,龙泉变电站220kV,中温过热,T2,single_fault,case book: fault cause established per transformer (inspection/repair record),139.0,16.76,0.0,57.01,5.21,368.0,10441.0,True,,False,False
NC-0286,NCEPR,NC-C055,,庞庄变电站220kV,高能放电，放电故障，电弧放电,D2,single_fault,case book: fault cause established per transformer (inspection/repair record),82.0,11.0,15.0,17.0,2.7,62.0,518.0,True,,True,True
NC-0287,NCEPR,NC-C055,,庞庄变电站220kV,高能放电，放电故障，电弧放电,D2,single_fault,case book: fault cause established per transformer (inspection/repair record),230.0,90.0,121.0,110.0,9.0,216.0,518.0,True,,True,True
NC-0288,NCEPR,NC-C055,,庞庄变电站220kV,高能放电，放电故障，电弧放电,D2,single_fault,case book: fault cause established per transformer (inspection/repair record),78.0,4.1,0.0,0.93,2.0,55.0,467.0,True,,False,False
NC-0289,NCEPR,NC-C055,,庞庄变电站220kV,高能放电，放电故障，电弧放电,D2,single_fault,case book: fault cause established per transformer (inspection/repair record),81.0,4.3,0.0,1.2,2.0,59.0,583.0,True,,False,False
NC-0290,NCEPR,NC-C056,,北郊变电站220kV,中温过热,T2,single_fault,case book: fault cause established per transformer (inspection/repair record),71.0,35.0,62.0,100.0,19.0,115.0,2568.0,True,,True,True
NC-0291,NCEPR,NC-C056,,北郊变电站220kV,中温过热,T2,single_fault,case book: fault cause established per transformer (inspection/repair record),4.6,7.8,0.0,0.8,2.4,106.0,2515.0,True,,False,False
NC-0292,NCEPR,NC-C056,,北郊变电站220kV,中温过热,T2,single_fault,case book: fault cause established per transformer (inspection/repair record),145.0,66.0,69.0,112.0,18.0,328.0,2702.0,True,,True,True
NC-0293,NCEPR,NC-C056,,北郊变电站220kV,中温过热,T2,single_fault,case book: fault cause established per transformer (inspection/repair record),158.0,65.0,71.0,113.0,18.0,360.0,2831.0,True,,True,True
NC-0294,NCEPR,NC-C057,,绛县变电站220kV,高温过热,T3,single_fault,case book: fault cause established per transformer (inspection/repair record),6.28,10.52,0.22,13.48,1.97,6.98,68.66,True,,False,False
NC-0295,NCEPR,NC-C057,,绛县变电站220kV,高温过热,T3,single_fault,case book: fault cause established per transformer (inspection/repair record),6.52,15.26,0.26,16.57,2.49,12.96,101.35,True,,False,False
NC-0296,NCEPR,NC-C057,,绛县变电站220kV,高温过热,T3,single_fault,case book: fault cause established per transformer (inspection/repair record),5.22,10.88,0.22,13.52,1.99,4.17,73.94,True,,False,False
NC-0297,NCEPR,NC-C057,,绛县变电站220kV,高温过热,T3,single_fault,case book: fault cause established per transformer (inspection/repair record),8.53,16.2,0.27,19.06,2.96,15.69,111.29,True,,False,False
NC-0298,NCEPR,NC-C057,,绛县变电站220kV,高温过热,T3,single_fault,case book: fault cause established per transformer (inspection/repair record),0.43,0.51,0.0,0.45,0.0,2.32,54.1,True,,False,False
NC-0299,NCEPR,NC-C057,,绛县变电站220kV,高温过热,T3,single_fault,case book: fault cause established per transformer (inspection/repair record),9.9,17.52,0.27,20.09,3.24,12.12,102.57,True,,False,False
NC-0300,NCEPR,NC-C057,,绛县变电站220kV,高温过热,T3,single_fault,case book: fault cause established per transformer (inspection/repair record),8.09,14.82,0.27,18.03,2.64,21.29,128.25,True,,False,False
NC-0301,NCEPR,NC-C057,,绛县变电站220kV,高温过热,T3,single_fault,case book: fault cause established per transformer (inspection/repair record),5.86,10.84,0.21,12.94,1.82,9.43,81.18,True,,False,False
NC-0302,NCEPR,NC-C057,,绛县变电站220kV,高温过热,T3,single_fault,case book: fault cause established per transformer (inspection/repair record),6.71,14.9,0.27,18.19,2.78,13.04,108.02,True,,False,False
NC-0303,NCEPR,NC-C058,,王木站220kV,低温过热，轻微过热，过热注意区,T1,single_fault,case book: fault cause established per transformer (inspection/repair record),16.0,2.0,0.0,0.68,0.59,137.0,419.0,True,,False,False
NC-0304,NCEPR,NC-C059,,双桥变220kV,高能放电，放电故障，电弧放电,D2,single_fault,case book: fault cause established per transformer (inspection/repair record),93.0,55.6,131.2,9.9,85.3,491.0,1169.0,True,,True,True
NC-0305,NCEPR,NC-C059,,双桥变220kV,高能放电，放电故障，电弧放电,D2,single_fault,case book: fault cause established per transformer (inspection/repair record),5.0,11.5,0.0,2.6,5.8,501.0,1470.0,True,,False,False
NC-0306,NCEPR,NC-C059,,双桥变220kV,高能放电，放电故障，电弧放电,D2,single_fault,case book: fault cause established per transformer (inspection/repair record),37.0,30.9,63.2,6.6,45.9,492.0,1224.0,True,,True,True
NC-0307,NCEPR,NC-C059,,双桥变220kV,高能放电，放电故障，电弧放电,D2,single_fault,case book: fault cause established per transformer (inspection/repair record),257.0,131.4,394.0,25.9,249.9,586.0,1192.0,True,,True,True
NC-0308,NCEPR,NC-C059,,双桥变220kV,高能放电，放电故障，电弧放电,D2,single_fault,case book: fault cause established per transformer (inspection/repair record),0.0,3234.8,5605.1,157.2,3806.3,0.0,1794.0,True,,True,True
NC-0309,NCEPR,NC-C060,,临潼变电站110kV,高温过热,T3,single_fault,case book: fault cause established per transformer (inspection/repair record),111.56,34.56,0.0,6.25,7.26,755.54,5467.71,True,,False,False
NC-0310,NCEPR,NC-C060,,临潼变电站110kV,高温过热,T3,single_fault,case book: fault cause established per transformer (inspection/repair record),245.13,243.04,3.1,305.23,59.7,927.55,6575.84,True,,True,True
NC-0311,NCEPR,NC-C060,,临潼变电站110kV,高温过热,T3,single_fault,case book: fault cause established per transformer (inspection/repair record),243.66,236.2,2.97,294.48,57.52,903.35,6367.41,True,,True,True
NC-0312,NCEPR,NC-C060,,临潼变电站110kV,高温过热,T3,single_fault,case book: fault cause established per transformer (inspection/repair record),242.68,267.58,2.85,333.68,64.42,853.15,6233.91,True,,True,True
NC-0313,NCEPR,NC-C061,,园艺变电1120kV,高能放电，放电故障，电弧放电,D2,single_fault,case book: fault cause established per transformer (inspection/repair record),12855.0,2298.76,2542.79,667.98,71.13,4919.0,758.0,True,,True,True
NC-0314,NCEPR,NC-C061,,园艺变电1120kV,高能放电，放电故障，电弧放电,D2,single_fault,case book: fault cause established per transformer (inspection/repair record),33.0,10.43,51.33,25.09,1.8,29.0,508.0,True,,True,True
NC-0315,NCEPR,NC-C061,,园艺变电1120kV,高能放电，放电故障，电弧放电,D2,single_fault,case book: fault cause established per transformer (inspection/repair record),0.0,1.48,0.04,2.45,0.97,30.0,897.0,True,,False,False
NC-0316,NCEPR,NC-C062,,梧桐变电站220kV,高能放电，放电故障，电弧放电,D2,single_fault,case book: fault cause established per transformer (inspection/repair record),35.21,10.49,2.0,4.58,4.25,188.74,574.65,True,,False,False
NC-0317,NCEPR,NC-C062,,梧桐变电站220kV,高能放电，放电故障，电弧放电,D2,single_fault,case book: fault cause established per transformer (inspection/repair record),99.87,17.62,8.69,7.76,1.69,2084.9,0.0,True,,True,True
NC-0318,NCEPR,NC-C062,,梧桐变电站220kV,高能放电，放电故障，电弧放电,D2,single_fault,case book: fault cause established per transformer (inspection/repair record),21.73,10.03,1.82,4.71,4.23,154.67,543.54,True,,False,False
NC-0319,NCEPR,NC-C062,,梧桐变电站220kV,高能放电，放电故障，电弧放电,D2,single_fault,case book: fault cause established per transformer (inspection/repair record),27.36,9.22,3.72,5.77,1.48,168.08,712.58,True,,False,False
NC-0320,NCEPR,NC-C062,,梧桐变电站220kV,高能放电，放电故障，电弧放电,D2,single_fault,case book: fault cause established per transformer (inspection/repair record),95.72,18.01,9.26,8.14,1.63,2248.0,0.0,True,,True,True
NC-0321,NCEPR,NC-C062,,梧桐变电站220kV,高能放电，放电故障，电弧放电,D2,single_fault,case book: fault cause established per transformer (inspection/repair record),39.02,10.12,2.18,4.95,4.46,135.08,571.79,True,,False,False
NC-0322,NCEPR,NC-C062,,梧桐变电站220kV,高能放电，放电故障，电弧放电,D2,single_fault,case book: fault cause established per transformer (inspection/repair record),30.42,5.91,2.39,4.43,0.94,116.45,404.78,True,,False,False
NC-0323,NCEPR,NC-C062,,梧桐变电站220kV,高能放电，放电故障，电弧放电,D2,single_fault,case book: fault cause established per transformer (inspection/repair record),92.77,17.84,9.19,8.05,1.76,2410.9,0.0,True,,True,True
NC-0324,NCEPR,NC-C062,,梧桐变电站220kV,高能放电，放电故障，电弧放电,D2,single_fault,case book: fault cause established per transformer (inspection/repair record),89.26,17.71,9.41,8.04,1.64,2561.3,0.0,True,,True,True
NC-0325,NCEPR,NC-C062,,梧桐变电站220kV,高能放电，放电故障，电弧放电,D2,single_fault,case book: fault cause established per transformer (inspection/repair record),35.59,5.91,1.6,3.2,1.1,129.39,452.08,True,,False,False
NC-0326,NCEPR,NC-C062,,梧桐变电站220kV,高能放电，放电故障，电弧放电,D2,single_fault,case book: fault cause established per transformer (inspection/repair record),70.96,13.85,2.98,5.51,1.76,2630.7,0.0,True,,False,False
NC-0327,NCEPR,NC-C062,,梧桐变电站220kV,高能放电，放电故障，电弧放电,D2,single_fault,case book: fault cause established per transformer (inspection/repair record),98.59,18.36,9.2,8.42,1.81,2145.8,0.0,True,,True,True
NC-0328,NCEPR,NC-C062,,梧桐变电站220kV,高能放电，放电故障，电弧放电,D2,single_fault,case book: fault cause established per transformer (inspection/repair record),25.83,9.01,2.77,6.08,1.42,177.98,854.31,True,,False,False
NC-0329,NCEPR,NC-C062,,梧桐变电站220kV,高能放电，放电故障，电弧放电,D2,single_fault,case book: fault cause established per transformer (inspection/repair record),72.53,14.02,2.94,5.69,1.82,2393.2,0.0,True,,False,False
NC-0330,NCEPR,NC-C062,,梧桐变电站220kV,高能放电，放电故障，电弧放电,D2,single_fault,case book: fault cause established per transformer (inspection/repair record),103.58,17.97,8.93,8.02,1.79,2036.4,0.0,True,,True,True
NC-0331,NCEPR,NC-C062,,梧桐变电站220kV,高能放电，放电故障，电弧放电,D2,single_fault,case book: fault cause established per transformer (inspection/repair record),,6.78,1.67,2.36,4.28,175.18,947.81,True,,False,False
NC-0332,NCEPR,NC-C062,,梧桐变电站220kV,高能放电，放电故障，电弧放电,D2,single_fault,case book: fault cause established per transformer (inspection/repair record),28.3,5.41,1.94,3.86,0.87,86.66,317.72,True,,False,False
NC-0333,NCEPR,NC-C062,,梧桐变电站220kV,高能放电，放电故障，电弧放电,D2,single_fault,case book: fault cause established per transformer (inspection/repair record),31.3,8.72,1.62,3.52,4.19,143.6,671.61,True,,False,False
NC-0334,NCEPR,NC-C062,,梧桐变电站220kV,高能放电，放电故障，电弧放电,D2,single_fault,case book: fault cause established per transformer (inspection/repair record),96.64,18.24,9.41,8.31,1.77,2230.5,0.0,True,,True,True
NC-0335,NCEPR,NC-C062,,梧桐变电站220kV,高能放电，放电故障，电弧放电,D2,single_fault,case book: fault cause established per transformer (inspection/repair record),101.0,18.23,8.82,8.21,1.78,2083.3,0.0,True,,True,True
NC-0336,NCEPR,NC-C062,,梧桐变电站220kV,高能放电，放电故障，电弧放电,D2,single_fault,case book: fault cause established per transformer (inspection/repair record),26.8,9.67,3.99,6.12,1.4,169.48,729.85,True,,False,False
NC-0337,NCEPR,NC-C062,,梧桐变电站220kV,高能放电，放电故障，电弧放电,D2,single_fault,case book: fault cause established per transformer (inspection/repair record),0.0,10.94,4.36,6.96,1.64,189.17,808.41,True,,False,False
NC-0338,NCEPR,NC-C062,,梧桐变电站220kV,高能放电，放电故障，电弧放电,D2,single_fault,case book: fault cause established per transformer (inspection/repair record),95.11,18.35,9.46,8.36,1.79,2215.9,0.0,True,,True,True
NC-0339,NCEPR,NC-C062,,梧桐变电站220kV,高能放电，放电故障，电弧放电,D2,single_fault,case book: fault cause established per transformer (inspection/repair record),98.66,18.28,9.03,8.38,1.84,2218.4,0.0,True,,True,True
NC-0340,NCEPR,NC-C062,,梧桐变电站220kV,高能放电，放电故障，电弧放电,D2,single_fault,case book: fault cause established per transformer (inspection/repair record),30.48,10.47,2.41,4.56,5.93,180.79,556.92,True,,False,False
NC-0341,NCEPR,NC-C062,,梧桐变电站220kV,高能放电，放电故障，电弧放电,D2,single_fault,case book: fault cause established per transformer (inspection/repair record),25.37,2.65,0.0,2.39,3.85,90.02,426.7,True,,False,False
NC-0342,NCEPR,NC-C062,,梧桐变电站220kV,高能放电，放电故障，电弧放电,D2,single_fault,case book: fault cause established per transformer (inspection/repair record),27.35,5.69,2.31,4.05,0.92,104.47,393.78,True,,False,False
NC-0343,NCEPR,NC-C062,,梧桐变电站220kV,高能放电，放电故障，电弧放电,D2,single_fault,case book: fault cause established per transformer (inspection/repair record),25.64,5.38,2.33,4.45,0.97,107.76,416.01,True,,False,False
NC-0344,NCEPR,NC-C062,,梧桐变电站220kV,高能放电，放电故障，电弧放电,D2,single_fault,case book: fault cause established per transformer (inspection/repair record),100.8,18.13,9.17,8.16,1.66,2096.8,0.0,True,,True,True
NC-0345,NCEPR,NC-C062,,梧桐变电站220kV,高能放电，放电故障，电弧放电,D2,single_fault,case book: fault cause established per transformer (inspection/repair record),27.11,9.1,2.84,6.21,1.53,173.05,795.39,True,,False,False
NC-0346,NCEPR,NC-C062,,梧桐变电站220kV,高能放电，放电故障，电弧放电,D2,single_fault,case book: fault cause established per transformer (inspection/repair record),38.83,7.45,1.6,5.85,0.38,120.04,464.28,True,,False,False
NC-0347,NCEPR,NC-C062,,梧桐变电站220kV,高能放电，放电故障，电弧放电,D2,single_fault,case book: fault cause established per transformer (inspection/repair record),28.97,10.49,4.13,6.98,1.46,202.25,817.46,True,,False,False
NC-0348,NCEPR,NC-C062,,梧桐变电站220kV,高能放电，放电故障，电弧放电,D2,single_fault,case book: fault cause established per transformer (inspection/repair record),24.82,7.85,1.55,5.04,0.76,118.43,386.09,True,,False,False
NC-0349,NCEPR,NC-C062,,梧桐变电站220kV,高能放电，放电故障，电弧放电,D2,single_fault,case book: fault cause established per transformer (inspection/repair record),28.6,9.65,4.09,6.45,1.48,186.03,743.03,True,,False,False
NC-0350,NCEPR,NC-C063,,保光站110kV,高能放电，放电故障，电弧放电,D2,single_fault,case book: fault cause established per transformer (inspection/repair record),2162.05,704.18,1742.32,1188.73,57.82,4091.52,5930.36,True,,True,True
NC-0351,NCEPR,NC-C063,,保光站110kV,高能放电，放电故障，电弧放电,D2,single_fault,case book: fault cause established per transformer (inspection/repair record),400.96,152.12,243.44,286.01,24.03,1359.23,5780.38,True,,True,True
NC-0352,NCEPR,NC-C064,,桐岩变电站110kV,高能放电，放电故障，电弧放电,D2,single_fault,case book: fault cause established per transformer (inspection/repair record),7686.0,1093.5,4392.7,3233.3,109.0,7150.0,1527.0,True,,True,True
NC-0353,NCEPR,NC-C064,,桐岩变电站110kV,高能放电，放电故障，电弧放电,D2,single_fault,case book: fault cause established per transformer (inspection/repair record),260.0,57.9,176.7,118.6,9.7,554.0,1055.0,True,,True,True
NC-0354,NCEPR,NC-C064,,桐岩变电站110kV,高能放电，放电故障，电弧放电,D2,single_fault,case book: fault cause established per transformer (inspection/repair record),12.0,20.1,0.0,35.9,5.3,953.0,739.0,True,,False,False
NC-0355,NCEPR,NC-C065,,秦台站110kV,高能放电，放电故障，电弧放电,D2,single_fault,case book: fault cause established per transformer (inspection/repair record),93.0,96.0,427.0,325.0,24.0,1130.0,2500.0,True,,True,True
NC-0356,NCEPR,NC-C066,,庆江变电站110kV,中温过热,T2,single_fault,case book: fault cause established per transformer (inspection/repair record),15.0,6.6,0.0,0.65,0.0,88.0,520.0,True,,False,False
NC-0357,NCEPR,NC-C066,,庆江变电站110kV,中温过热,T2,single_fault,case book: fault cause established per transformer (inspection/repair record),12.3,7.84,0.0,1.38,0.0,96.0,631.0,True,,False,False
NC-0358,NCEPR,NC-C066,,庆江变电站110kV,中温过热,T2,single_fault,case book: fault cause established per transformer (inspection/repair record),617.0,747.87,5.29,3022.94,994.4,216.0,1270.0,True,,True,True
NC-0359,NCEPR,NC-C066,,庆江变电站110kV,中温过热,T2,single_fault,case book: fault cause established per transformer (inspection/repair record),115.8,783.2,13.67,3064.4,1044.28,269.3,1763.9,True,,True,True
NC-0360,NCEPR,NC-C066,,庆江变电站110kV,中温过热,T2,single_fault,case book: fault cause established per transformer (inspection/repair record),631.0,752.36,5.05,3008.15,896.78,203.0,1152.0,True,,True,True
NC-0361,NCEPR,NC-C066,,庆江变电站110kV,中温过热,T2,single_fault,case book: fault cause established per transformer (inspection/repair record),544.0,746.62,8.33,2292.93,710.78,154.0,929.0,True,,True,True
NC-0362,NCEPR,NC-C066,,庆江变电站110kV,中温过热,T2,single_fault,case book: fault cause established per transformer (inspection/repair record),697.0,739.87,7.7,3014.46,1049.6,163.0,1116.0,True,,True,True
NC-0363,NCEPR,NC-C066,,庆江变电站110kV,中温过热,T2,single_fault,case book: fault cause established per transformer (inspection/repair record),11.0,2.67,0.0,0.97,1.39,39.0,202.0,True,,False,False
NC-0364,NCEPR,NC-C066,,庆江变电站110kV,中温过热,T2,single_fault,case book: fault cause established per transformer (inspection/repair record),1722.16,847.79,14.72,2588.48,2125.65,213.57,1221.25,True,,True,True
NC-0365,NCEPR,NC-C066,,庆江变电站110kV,中温过热,T2,single_fault,case book: fault cause established per transformer (inspection/repair record),1425.39,848.03,13.8,2592.12,2008.4,181.66,1123.82,True,,True,True
NC-0366,NCEPR,NC-C066,,庆江变电站110kV,中温过热,T2,single_fault,case book: fault cause established per transformer (inspection/repair record),658.0,814.59,6.77,3092.2,895.48,134.0,812.0,True,,True,True
NC-0367,NCEPR,NC-C067,,龙洲湾变电站110kV,高能放电，放电故障，电弧放电,D2,single_fault,case book: fault cause established per transformer (inspection/repair record),0.0,97.2,192.7,179.1,10.4,336.0,723.0,True,,True,True
NC-0368,NCEPR,NC-C067,,龙洲湾变电站110kV,高能放电，放电故障，电弧放电,D2,single_fault,case book: fault cause established per transformer (inspection/repair record),0.0,2636.7,3344.6,1676.7,40.1,1397.0,776.0,True,,True,True
NC-0369,NCEPR,NC-C067,,龙洲湾变电站110kV,高能放电，放电故障，电弧放电,D2,single_fault,case book: fault cause established per transformer (inspection/repair record),27.0,3.9,0.0,0.5,0.2,266.0,859.0,True,,False,False
NC-0370,NCEPR,NC-C068,,松林站110kV,高能放电，放电故障，电弧放电,D2,single_fault,case book: fault cause established per transformer (inspection/repair record),2236.56,537.89,1660.4,1892.92,132.43,3148.65,2354.16,True,,True,True
NC-0371,NCEPR,NC-C068,,松林站110kV,高能放电，放电故障，电弧放电,D2,single_fault,case book: fault cause established per transformer (inspection/repair record),466.38,145.92,335.64,264.91,14.94,263.48,2260.39,True,,True,True
NC-0372,NCEPR,NC-C069,,马岚垭变电站220kV,高能放电，放电故障，电弧放电,D2,single_fault,case book: fault cause established per transformer (inspection/repair record),10.0,20.4,0.0,2.5,3.1,207.0,1987.0,True,,False,False
NC-0373,NCEPR,NC-C069,,马岚垭变电站220kV,高能放电，放电故障，电弧放电,D2,single_fault,case book: fault cause established per transformer (inspection/repair record),151.0,49.26,60.1,51.79,4.75,226.0,2189.0,True,,True,True
NC-0374,NCEPR,NC-C070,,云台变电站110kV,低能放电,D1,single_fault,case book: fault cause established per transformer (inspection/repair record),155.0,23.03,149.19,19.89,2.18,744.0,2029.0,True,,True,True
NC-0375,NCEPR,NC-C070,,云台变电站110kV,低能放电,D1,single_fault,case book: fault cause established per transformer (inspection/repair record),60.0,9.03,0.0,1.12,1.33,472.0,1072.0,True,,False,False
NC-0376,NCEPR,NC-C071,,西宁变电站750kV,低能放电,D1,single_fault,case book: fault cause established per transformer (inspection/repair record),,,,,,,,True,,False,False
NC-0377,NCEPR,NC-C071,,西宁变电站750kV,低能放电,D1,single_fault,case book: fault cause established per transformer (inspection/repair record),606.8,32.1,85.4,24.5,10.0,156.2,399.4,True,,True,True
NC-0378,NCEPR,NC-C071,,西宁变电站750kV,低能放电,D1,single_fault,case book: fault cause established per transformer (inspection/repair record),255.63,35.89,101.14,20.99,9.78,185.64,327.73,True,,True,True
NC-0379,NCEPR,NC-C071,,西宁变电站750kV,低能放电,D1,single_fault,case book: fault cause established per transformer (inspection/repair record),59.3,10.2,0.2,1.5,4.0,108.4,382.5,True,,False,False
NC-0380,NCEPR,NC-C071,,西宁变电站750kV,低能放电,D1,single_fault,case book: fault cause established per transformer (inspection/repair record),240.41,33.84,92.72,19.87,10.58,169.57,320.07,True,,True,True
NC-0381,NCEPR,NC-C071,,西宁变电站750kV,低能放电,D1,single_fault,case book: fault cause established per transformer (inspection/repair record),59.1,10.7,0.2,2.1,4.9,107.1,380.7,True,,False,False
NC-0382,NCEPR,NC-C071,,西宁变电站750kV,低能放电,D1,single_fault,case book: fault cause established per transformer (inspection/repair record),278.48,38.85,101.8,14.8,6.9,189.84,327.9,True,,True,True
NC-0383,NCEPR,NC-C071,,西宁变电站750kV,低能放电,D1,single_fault,case book: fault cause established per transformer (inspection/repair record),30.86,10.57,0.0,0.45,1.89,125.21,387.13,True,,False,False
NC-0384,NCEPR,NC-C071,,西宁变电站750kV,低能放电,D1,single_fault,case book: fault cause established per transformer (inspection/repair record),60.3,10.0,0.2,2.5,5.1,109.3,384.3,True,,False,False
NC-0385,NCEPR,NC-C071,,西宁变电站750kV,低能放电,D1,single_fault,case book: fault cause established per transformer (inspection/repair record),256.19,36.12,99.36,20.76,9.26,180.25,323.73,True,,True,True
NC-0386,NCEPR,NC-C071,,西宁变电站750kV,低能放电,D1,single_fault,case book: fault cause established per transformer (inspection/repair record),352.3,27.0,70.8,18.0,7.8,135.0,396.6,True,,True,True
NC-0387,NCEPR,NC-C071,,西宁变电站750kV,低能放电,D1,single_fault,case book: fault cause established per transformer (inspection/repair record),352.0,26.9,70.8,17.9,7.8,134.0,396.0,True,,True,True
NC-0388,NCEPR,NC-C072,,贤文变电站220kV,高能放电，放电故障，电弧放电,D2,single_fault,case book: fault cause established per transformer (inspection/repair record),33.6,2.36,0.0,0.85,1.43,119.0,1392.0,True,,False,False
NC-0389,NCEPR,NC-C072,,贤文变电站220kV,高能放电，放电故障，电弧放电,D2,single_fault,case book: fault cause established per transformer (inspection/repair record),32.0,0.4,0.0,0.39,0.0,23.0,208.0,True,,False,False
NC-0390,NCEPR,NC-C072,,贤文变电站220kV,高能放电，放电故障，电弧放电,D2,single_fault,case book: fault cause established per transformer (inspection/repair record),30.0,0.35,0.0,0.0,0.0,6.3,100.0,True,,False,False
NC-0391,NCEPR,NC-C072,,贤文变电站220kV,高能放电，放电故障，电弧放电,D2,single_fault,case book: fault cause established per transformer (inspection/repair record),12.7,0.4,0.0,0.0,0.0,13.0,156.0,True,,False,False
NC-0392,NCEPR,NC-C072,,贤文变电站220kV,高能放电，放电故障，电弧放电,D2,single_fault,case book: fault cause established per transformer (inspection/repair record),373.0,110.54,185.36,133.9,8.92,82.0,924.0,True,,True,True
NC-0393,NCEPR,NC-C072,,贤文变电站220kV,高能放电，放电故障，电弧放电,D2,single_fault,case book: fault cause established per transformer (inspection/repair record),15.5,1.52,0.0,0.24,0.0,13.0,127.0,True,,False,False
NC-0394,NCEPR,NC-C073,,梧桐变电站220kV,高温过热,T3,single_fault,case book: fault cause established per transformer (inspection/repair record),76.76,79.62,1.24,101.71,19.4,149.73,2183.77,True,,True,True
NC-0395,NCEPR,NC-C073,,梧桐变电站220kV,高温过热,T3,single_fault,case book: fault cause established per transformer (inspection/repair record),65.08,57.45,1.15,96.5,20.29,194.43,,True,,True,True
NC-0396,NCEPR,NC-C073,,梧桐变电站220kV,高温过热,T3,single_fault,case book: fault cause established per transformer (inspection/repair record),37.09,6.07,0.0,5.12,2.38,100.04,1746.13,True,,False,False
NC-0397,NCEPR,NC-C073,,梧桐变电站220kV,高温过热,T3,single_fault,case book: fault cause established per transformer (inspection/repair record),75.88,82.52,1.23,107.45,20.51,150.83,2239.22,True,,True,True
NC-0398,NCEPR,NC-C073,,梧桐变电站220kV,高温过热,T3,single_fault,case book: fault cause established per transformer (inspection/repair record),72.75,60.99,1.04,86.0,16.51,152.76,2209.68,True,,True,True
NC-0399,NCEPR,NC-C073,,梧桐变电站220kV,高温过热,T3,single_fault,case book: fault cause established per transformer (inspection/repair record),75.15,79.63,1.24,101.22,19.1,148.38,2211.06,True,,True,True
NC-0400,NCEPR,NC-C073,,梧桐变电站220kV,高温过热,T3,single_fault,case book: fault cause established per transformer (inspection/repair record),79.01,77.88,1.16,101.08,19.24,154.5,2139.71,True,,True,True
NC-0401,NCEPR,NC-C073,,梧桐变电站220kV,高温过热,T3,single_fault,case book: fault cause established per transformer (inspection/repair record),79.88,81.96,1.31,106.87,20.49,161.1,2242.28,True,,True,True
NC-0402,NCEPR,NC-C073,,梧桐变电站220kV,高温过热,T3,single_fault,case book: fault cause established per transformer (inspection/repair record),79.6,64.9,1.09,92.4,19.15,199.86,,True,,True,True
NC-0403,NCEPR,NC-C073,,梧桐变电站220kV,高温过热,T3,single_fault,case book: fault cause established per transformer (inspection/repair record),69.14,61.12,1.21,100.13,21.76,197.26,,True,,True,True
NC-0404,NCEPR,NC-C073,,梧桐变电站220kV,高温过热,T3,single_fault,case book: fault cause established per transformer (inspection/repair record),68.2,58.12,1.25,96.94,20.18,195.24,,True,,True,True
NC-0405,NCEPR,NC-C073,,梧桐变电站220kV,高温过热,T3,single_fault,case book: fault cause established per transformer (inspection/repair record),74.54,80.71,1.29,105.89,20.07,151.4,2257.46,True,,True,True
NC-0406,NCEPR,NC-C073,,梧桐变电站220kV,高温过热,T3,single_fault,case book: fault cause established per transformer (inspection/repair record),40.0,0.7,0.0,0.4,0.2,38.0,429.0,True,,False,False
NC-0407,NCEPR,NC-C073,,梧桐变电站220kV,高温过热,T3,single_fault,case book: fault cause established per transformer (inspection/repair record),67.06,58.98,1.24,98.13,20.82,198.3,0.0,True,,True,True
NC-0408,NCEPR,NC-C073,,梧桐变电站220kV,高温过热,T3,single_fault,case book: fault cause established per transformer (inspection/repair record),67.23,59.19,1.31,99.0,20.99,195.82,,True,,True,True
NC-0409,NCEPR,NC-C073,,梧桐变电站220kV,高温过热,T3,single_fault,case book: fault cause established per transformer (inspection/repair record),70.16,60.98,1.31,100.29,21.71,196.62,,True,,True,True
NC-0410,NCEPR,NC-C073,,梧桐变电站220kV,高温过热,T3,single_fault,case book: fault cause established per transformer (inspection/repair record),33.03,5.0,0.0,4.44,2.09,111.06,1285.17,True,,False,False
NC-0411,NCEPR,NC-C073,,梧桐变电站220kV,高温过热,T3,single_fault,case book: fault cause established per transformer (inspection/repair record),68.14,59.42,1.22,98.36,21.0,200.56,,True,,True,True
NC-0412,NCEPR,NC-C073,,梧桐变电站220kV,高温过热,T3,single_fault,case book: fault cause established per transformer (inspection/repair record),70.35,60.24,1.51,100.92,21.14,200.48,,True,,True,True
NC-0413,NCEPR,NC-C074,,新农变电站110kV,高能放电，放电故障，电弧放电,D2,single_fault,case book: fault cause established per transformer (inspection/repair record),58.88,11.96,10.26,7.52,1.05,343.16,567.46,True,,True,True
NC-0414,NCEPR,NC-C074,,新农变电站110kV,高能放电，放电故障，电弧放电,D2,single_fault,case book: fault cause established per transformer (inspection/repair record),7.86,1.19,0.0,0.0,0.0,72.1,39.04,True,,False,False
NC-0415,NCEPR,NC-C074,,新农变电站110kV,高能放电，放电故障，电弧放电,D2,single_fault,case book: fault cause established per transformer (inspection/repair record),0.0,0.54,0.0,0.0,0.0,23.17,36.12,True,,False,False
NC-0416,NCEPR,NC-C074,,新农变电站110kV,高能放电，放电故障，电弧放电,D2,single_fault,case book: fault cause established per transformer (inspection/repair record),2.76,0.93,0.0,0.0,0.0,32.53,35.15,True,,False,False
NC-0417,NCEPR,NC-C074,,新农变电站110kV,高能放电，放电故障，电弧放电,D2,single_fault,case book: fault cause established per transformer (inspection/repair record),65.33,12.58,10.8,7.84,1.0,373.28,612.09,True,,True,True
NC-0418,NCEPR,NC-C074,,新农变电站110kV,高能放电，放电故障，电弧放电,D2,single_fault,case book: fault cause established per transformer (inspection/repair record),49.16,9.97,8.43,6.0,0.78,289.66,504.77,True,,True,True
NC-0419,NCEPR,NC-C074,,新农变电站110kV,高能放电，放电故障，电弧放电,D2,single_fault,case book: fault cause established per transformer (inspection/repair record),74.53,14.08,11.94,8.85,1.11,407.05,672.59,True,,True,True
NC-0420,NCEPR,NC-C074,,新农变电站110kV,高能放电，放电故障，电弧放电,D2,single_fault,case book: fault cause established per transformer (inspection/repair record),2.11,2.21,0.0,0.32,0.29,56.06,232.93,True,,False,False
NC-0421,NCEPR,NC-C074,,新农变电站110kV,高能放电，放电故障，电弧放电,D2,single_fault,case book: fault cause established per transformer (inspection/repair record),3.25,1.0,0.0,0.0,0.0,24.15,54.07,True,,False,False
NC-0422,NCEPR,NC-C074,,新农变电站110kV,高能放电，放电故障，电弧放电,D2,single_fault,case book: fault cause established per transformer (inspection/repair record),17.19,4.03,0.0,0.48,0.4,220.86,23.43,True,,False,False
NC-0423,NCEPR,NC-C074,,新农变电站110kV,高能放电，放电故障，电弧放电,D2,single_fault,case book: fault cause established per transformer (inspection/repair record),64.93,11.97,10.01,7.4,1.07,360.9,566.84,True,,True,True
NC-0424,NCEPR,NC-C074,,新农变电站110kV,高能放电，放电故障，电弧放电,D2,single_fault,case book: fault cause established per transformer (inspection/repair record),46.56,10.29,8.64,6.32,0.8,261.92,496.05,True,,True,True
NC-0427,NCEPR,NC-C076,,龟兹变电站220kV,高能放电，放电故障，电弧放电,D2,single_fault,case book: fault cause established per transformer (inspection/repair record),48.23,10.57,0.6,1.71,10.05,1283.98,3919.4,True,,False,False
NC-0428,NCEPR,NC-C076,,龟兹变电站220kV,高能放电，放电故障，电弧放电,D2,single_fault,case book: fault cause established per transformer (inspection/repair record),50.7,11.6,0.66,2.71,12.7,1281.5,4377.0,True,,False,False
NC-0429,NCEPR,NC-C076,,龟兹变电站220kV,高能放电，放电故障，电弧放电,D2,single_fault,case book: fault cause established per transformer (inspection/repair record),57.78,10.96,0.5,2.39,11.49,1148.38,4134.47,True,,False,False
NC-0430,NCEPR,NC-C077,,乌北变电站750kV,高能放电，放电故障，电弧放电,D2,single_fault,case book: fault cause established per transformer (inspection/repair record),154.0,36.9,67.7,29.6,1.39,99.0,224.0,True,,True,True
NC-0431,NCEPR,NC-C077,,乌北变电站750kV,高能放电，放电故障，电弧放电,D2,single_fault,case book: fault cause established per transformer (inspection/repair record),163.0,37.6,69.2,26.9,1.53,104.0,223.0,True,,True,True
NC-0432,NCEPR,NC-C077,,乌北变电站750kV,高能放电，放电故障，电弧放电,D2,single_fault,case book: fault cause established per transformer (inspection/repair record),54.62,3.3,0.0,0.22,0.76,73.78,380.4,True,,False,False
NC-0433,NCEPR,NC-C077,,乌北变电站750kV,高能放电，放电故障，电弧放电,D2,single_fault,case book: fault cause established per transformer (inspection/repair record),23.3,4.3,0.0,0.37,0.56,57.3,232.0,True,,False,False
NC-0434,NCEPR,NC-C077,,乌北变电站750kV,高能放电，放电故障，电弧放电,D2,single_fault,case book: fault cause established per transformer (inspection/repair record),215.67,33.93,77.52,29.89,2.59,145.6,293.76,True,,True,True
NC-0435,NCEPR,NC-C077,,乌北变电站750kV,高能放电，放电故障，电弧放电,D2,single_fault,case book: fault cause established per transformer (inspection/repair record),235.53,33.44,75.48,28.21,1.89,145.8,317.22,True,,True,True
NC-0436,NCEPR,NC-C078,,彭祖站500kV,高温过热,T3,single_fault,case book: fault cause established per transformer (inspection/repair record),39.18,18.23,0.0,6.62,22.04,210.69,875.24,True,,False,False
NC-0437,NCEPR,NC-C078,,彭祖站500kV,高温过热,T3,single_fault,case book: fault cause established per transformer (inspection/repair record),25.29,14.55,0.05,6.06,14.18,224.14,882.72,True,,False,False
NC-0438,NCEPR,NC-C079,,西宁变电站750kV,高能放电，放电故障，电弧放电,D2,single_fault,case book: fault cause established per transformer (inspection/repair record),622.3,163.1,33.5,181.7,447.9,294.2,217.7,True,,True,True
NC-0439,NCEPR,NC-C079,,西宁变电站750kV,高能放电，放电故障，电弧放电,D2,single_fault,case book: fault cause established per transformer (inspection/repair record),709.4,163.6,32.7,172.5,435.7,297.5,219.8,True,,True,True
NC-0440,NCEPR,NC-C079,,西宁变电站750kV,高能放电，放电故障，电弧放电,D2,single_fault,case book: fault cause established per transformer (inspection/repair record),758.3,172.6,34.7,181.4,451.0,336.8,202.1,True,,True,True
NC-0441,NCEPR,NC-C080,,城南站110kV,高能放电，放电故障，电弧放电,D2,single_fault,case book: fault cause established per transformer (inspection/repair record),105.55,8.19,0.0,2.49,1.13,826.82,2408.37,True,,False,False
NC-0442,NCEPR,NC-C080,,城南站110kV,高能放电，放电故障，电弧放电,D2,single_fault,case book: fault cause established per transformer (inspection/repair record),102.42,5.13,0.0,1.71,0.62,653.89,1843.23,True,,False,False
NC-0443,NCEPR,NC-C080,,城南站110kV,高能放电，放电故障，电弧放电,D2,single_fault,case book: fault cause established per transformer (inspection/repair record),71.57,1.68,0.0,0.34,0.2,161.95,539.74,True,,False,False
NC-0444,NCEPR,NC-C080,,城南站110kV,高能放电，放电故障，电弧放电,D2,single_fault,case book: fault cause established per transformer (inspection/repair record),71.06,1.5,0.0,0.28,0.17,129.87,444.31,True,,False,False
NC-0445,NCEPR,NC-C080,,城南站110kV,高能放电，放电故障，电弧放电,D2,single_fault,case book: fault cause established per transformer (inspection/repair record),151.94,16.5,7.86,12.5,1.94,884.62,2281.88,True,,True,True
NC-0446,NCEPR,NC-C080,,城南站110kV,高能放电，放电故障，电弧放电,D2,single_fault,case book: fault cause established per transformer (inspection/repair record),93.3,2.09,0.0,0.54,2.23,251.47,698.08,True,,False,False
NC-0447,NCEPR,NC-C080,,城南站110kV,高能放电，放电故障，电弧放电,D2,single_fault,case book: fault cause established per transformer (inspection/repair record),16.58,0.93,0.0,0.11,0.1,30.18,241.69,True,,False,False
NC-0448,NCEPR,NC-C080,,城南站110kV,高能放电，放电故障，电弧放电,D2,single_fault,case book: fault cause established per transformer (inspection/repair record),58.98,1.34,0.0,0.25,0.17,112.0,403.18,True,,False,False
NC-0449,NCEPR,NC-C081,,南关岭站500kV,中温过热,T2,single_fault,case book: fault cause established per transformer (inspection/repair record),4.4,45.8,0.0,67.8,42.1,123.8,1134.9,True,,True,True
NC-0450,NCEPR,NC-C081,,南关岭站500kV,中温过热,T2,single_fault,case book: fault cause established per transformer (inspection/repair record),5.2,58.6,0.0,76.1,43.9,135.3,1425.5,True,,True,True
NC-0451,NCEPR,NC-C081,,南关岭站500kV,中温过热,T2,single_fault,case book: fault cause established per transformer (inspection/repair record),7.4,34.2,0.0,57.8,33.6,68.5,1327.3,True,,False,False
NC-0452,NCEPR,NC-C081,,南关岭站500kV,中温过热,T2,single_fault,case book: fault cause established per transformer (inspection/repair record),5.2,45.9,0.0,63.2,39.7,136.2,1215.9,True,,False,False
NC-0453,NCEPR,NC-C081,,南关岭站500kV,中温过热,T2,single_fault,case book: fault cause established per transformer (inspection/repair record),6.5,59.4,0.0,74.5,41.3,150.7,1401.5,True,,True,True
NC-0454,NCEPR,NC-C081,,南关岭站500kV,中温过热,T2,single_fault,case book: fault cause established per transformer (inspection/repair record),5.2,46.8,0.0,64.9,39.6,127.9,1124.2,True,,True,True
NC-0455,NCEPR,NC-C081,,南关岭站500kV,中温过热,T2,single_fault,case book: fault cause established per transformer (inspection/repair record),5.6,47.9,0.0,69.2,41.7,137.7,1177.3,True,,True,True
NC-0456,NCEPR,NC-C081,,南关岭站500kV,中温过热,T2,single_fault,case book: fault cause established per transformer (inspection/repair record),8.0,38.9,0.0,51.7,34.6,90.9,1149.6,True,,False,False
NC-0457,NCEPR,NC-C081,,南关岭站500kV,中温过热,T2,single_fault,case book: fault cause established per transformer (inspection/repair record),5.1,47.1,0.0,66.1,39.6,125.0,1180.8,True,,True,True
NC-0458,NCEPR,NC-C081,,南关岭站500kV,中温过热,T2,single_fault,case book: fault cause established per transformer (inspection/repair record),5.1,47.3,0.0,66.2,39.4,138.2,1210.7,True,,True,True
NC-0459,NCEPR,NC-C081,,南关岭站500kV,中温过热,T2,single_fault,case book: fault cause established per transformer (inspection/repair record),6.3,52.7,0.0,71.8,42.0,172.7,1434.6,True,,True,True
NC-0460,NCEPR,NC-C081,,南关岭站500kV,中温过热,T2,single_fault,case book: fault cause established per transformer (inspection/repair record),6.0,60.1,0.0,75.5,42.8,150.1,1417.5,True,,True,True
NC-0461,NCEPR,NC-C081,,南关岭站500kV,中温过热,T2,single_fault,case book: fault cause established per transformer (inspection/repair record),5.4,57.9,0.0,80.3,44.4,138.9,1395.2,True,,True,True
NC-0462,NCEPR,NC-C081,,南关岭站500kV,中温过热,T2,single_fault,case book: fault cause established per transformer (inspection/repair record),5.1,46.6,0.0,63.4,40.2,137.8,1266.9,True,,True,True
NC-0463,NCEPR,NC-C082,,纪青站220kV,高温过热,T3,single_fault,case book: fault cause established per transformer (inspection/repair record),170.0,279.8,4.5,364.1,67.2,108.0,517.0,True,,True,True
NC-0464,NCEPR,NC-C082,,纪青站220kV,高温过热,T3,single_fault,case book: fault cause established per transformer (inspection/repair record),74.0,197.3,3.9,310.9,59.2,60.0,599.0,True,,True,True
NC-0465,NCEPR,NC-C082,,纪青站220kV,高温过热,T3,single_fault,case book: fault cause established per transformer (inspection/repair record),20.0,10.4,0.0,0.9,3.5,113.0,344.0,True,,False,False
NC-0466,NCEPR,NC-C082,,纪青站220kV,高温过热,T3,single_fault,case book: fault cause established per transformer (inspection/repair record),162.0,264.5,4.5,354.2,65.6,95.0,638.0,True,,True,True
NC-0467,NCEPR,NC-C083,,沂蒙站500kV,低能放电,D1,single_fault,case book: fault cause established per transformer (inspection/repair record),441.37,28.46,0.0,0.44,3.25,207.83,431.86,True,,True,True
NC-0468,NCEPR,NC-C083,,沂蒙站500kV,低能放电,D1,single_fault,case book: fault cause established per transformer (inspection/repair record),437.31,29.16,0.0,0.44,3.32,197.86,420.99,True,,True,True
NC-0469,NCEPR,NC-C083,,沂蒙站500kV,低能放电,D1,single_fault,case book: fault cause established per transformer (inspection/repair record),440.91,28.27,0.0,0.44,3.12,200.17,423.5,True,,True,True
NC-0470,NCEPR,NC-C083,,沂蒙站500kV,低能放电,D1,single_fault,case book: fault cause established per transformer (inspection/repair record),429.59,27.53,0.0,0.41,2.75,206.71,430.64,True,,True,True
NC-0471,NCEPR,NC-C083,,沂蒙站500kV,低能放电,D1,single_fault,case book: fault cause established per transformer (inspection/repair record),437.56,29.01,0.0,0.45,3.38,205.02,428.79,True,,True,True
NC-0472,NCEPR,NC-C083,,沂蒙站500kV,低能放电,D1,single_fault,case book: fault cause established per transformer (inspection/repair record),438.6,29.2,0.0,0.44,3.21,199.99,423.31,True,,True,True
NC-0473,NCEPR,NC-C083,,沂蒙站500kV,低能放电,D1,single_fault,case book: fault cause established per transformer (inspection/repair record),440.01,28.46,0.0,0.44,3.23,206.33,430.22,True,,True,True
NC-0474,NCEPR,NC-C083,,沂蒙站500kV,低能放电,D1,single_fault,case book: fault cause established per transformer (inspection/repair record),440.5,28.85,0.0,0.42,3.23,199.28,422.53,True,,True,True
NC-0475,NCEPR,NC-C083,,沂蒙站500kV,低能放电,D1,single_fault,case book: fault cause established per transformer (inspection/repair record),441.29,29.93,0.0,0.47,3.35,195.35,418.25,True,,True,True
NC-0476,NCEPR,NC-C083,,沂蒙站500kV,低能放电,D1,single_fault,case book: fault cause established per transformer (inspection/repair record),438.89,30.26,0.0,0.43,3.48,194.28,417.08,True,,True,True
NC-0477,NCEPR,NC-C083,,沂蒙站500kV,低能放电,D1,single_fault,case book: fault cause established per transformer (inspection/repair record),438.29,28.8,0.0,0.42,3.25,202.98,426.57,True,,True,True
NC-0478,NCEPR,NC-C083,,沂蒙站500kV,低能放电,D1,single_fault,case book: fault cause established per transformer (inspection/repair record),442.34,28.12,0.0,0.42,3.03,207.64,431.66,True,,True,True
NC-0479,NCEPR,NC-C083,,沂蒙站500kV,低能放电,D1,single_fault,case book: fault cause established per transformer (inspection/repair record),364.6,7.52,0.0,0.17,1.12,109.82,311.24,True,,True,True
NC-0480,NCEPR,NC-C083,,沂蒙站500kV,低能放电,D1,single_fault,case book: fault cause established per transformer (inspection/repair record),440.56,28.98,0.0,0.42,3.22,200.16,423.49,True,,True,True
NC-0481,NCEPR,NC-C083,,沂蒙站500kV,低能放电,D1,single_fault,case book: fault cause established per transformer (inspection/repair record),444.62,29.24,0.0,0.44,3.22,198.88,422.1,True,,True,True
NC-0482,NCEPR,NC-C083,,沂蒙站500kV,低能放电,D1,single_fault,case book: fault cause established per transformer (inspection/repair record),460.41,28.94,0.0,0.44,3.3,200.23,423.57,True,,True,True
NC-0483,NCEPR,NC-C083,,沂蒙站500kV,低能放电,D1,single_fault,case book: fault cause established per transformer (inspection/repair record),444.0,28.23,0.0,0.44,3.16,206.58,430.5,True,,True,True
NC-0484,NCEPR,NC-C083,,沂蒙站500kV,低能放电,D1,single_fault,case book: fault cause established per transformer (inspection/repair record),442.9,30.19,0.0,0.47,3.6,193.04,415.74,True,,True,True
NC-0485,NCEPR,NC-C083,,沂蒙站500kV,低能放电,D1,single_fault,case book: fault cause established per transformer (inspection/repair record),464.86,28.96,0.0,0.45,3.27,204.8,428.56,True,,True,True
NC-0486,NCEPR,NC-C084,,老满城变电站220kV,高能放电，放电故障，电弧放电,D2,single_fault,case book: fault cause established per transformer (inspection/repair record),8.33,14.05,,2.06,3.37,1617.49,4108.59,True,,False,False
NC-0487,NCEPR,NC-C084,,老满城变电站220kV,高能放电，放电故障，电弧放电,D2,single_fault,case book: fault cause established per transformer (inspection/repair record),23.2,12.01,,2.16,3.83,1588.0,4627.43,True,,False,False
NC-0488,NCEPR,NC-C084,,老满城变电站220kV,高能放电，放电故障，电弧放电,D2,single_fault,case book: fault cause established per transformer (inspection/repair record),114.96,36.32,28.25,18.84,3.84,1832.51,4077.2,True,,True,True
NC-0489,NCEPR,NC-C084,,老满城变电站220kV,高能放电，放电故障，电弧放电,D2,single_fault,case book: fault cause established per transformer (inspection/repair record),3.73,10.07,,1.82,2.86,1140.25,3431.98,True,,False,False
NC-0490,NCEPR,NC-C085,,安兜变220kV,高温过热,T3,single_fault,case book: fault cause established per transformer (inspection/repair record),190.0,437.0,1.0,403.0,135.0,355.0,1028.0,True,,True,True
NC-0491,NCEPR,NC-C085,,安兜变220kV,高温过热,T3,single_fault,case book: fault cause established per transformer (inspection/repair record),274.0,674.0,1.3,614.0,208.0,431.0,1232.0,True,,True,True
NC-0492,NCEPR,NC-C085,,安兜变220kV,高温过热,T3,single_fault,case book: fault cause established per transformer (inspection/repair record),187.0,441.0,0.9,401.0,133.0,407.0,1079.0,True,,True,True
NC-0493,NCEPR,NC-C085,,安兜变220kV,高温过热,T3,single_fault,case book: fault cause established per transformer (inspection/repair record),250.0,575.0,1.1,500.0,163.0,415.0,1106.0,True,,True,True
NC-0494,NCEPR,NC-C085,,安兜变220kV,高温过热,T3,single_fault,case book: fault cause established per transformer (inspection/repair record),210.0,487.0,0.9,462.0,157.0,440.0,1278.0,True,,True,True
NC-0495,NCEPR,NC-C085,,安兜变220kV,高温过热,T3,single_fault,case book: fault cause established per transformer (inspection/repair record),237.0,544.0,1.0,498.0,166.0,430.0,1169.0,True,,True,True
NC-0496,NCEPR,NC-C085,,安兜变220kV,高温过热,T3,single_fault,case book: fault cause established per transformer (inspection/repair record),136.0,295.0,0.7,290.0,94.0,394.0,1125.0,True,,True,True
NC-0497,NCEPR,NC-C085,,安兜变220kV,高温过热,T3,single_fault,case book: fault cause established per transformer (inspection/repair record),198.0,492.0,1.0,451.0,148.0,418.0,1181.0,True,,True,True
NC-0498,NCEPR,NC-C085,,安兜变220kV,高温过热,T3,single_fault,case book: fault cause established per transformer (inspection/repair record),191.0,441.0,1.0,402.0,132.0,408.0,1088.0,True,,True,True
NC-0499,NCEPR,NC-C085,,安兜变220kV,高温过热,T3,single_fault,case book: fault cause established per transformer (inspection/repair record),198.0,485.0,0.9,448.0,150.0,484.0,1193.0,True,,True,True
NC-0500,NCEPR,NC-C085,,安兜变220kV,高温过热,T3,single_fault,case book: fault cause established per transformer (inspection/repair record),320.0,813.0,1.3,714.0,244.0,649.0,1989.0,True,,True,True
NC-0501,NCEPR,NC-C085,,安兜变220kV,高温过热,T3,single_fault,case book: fault cause established per transformer (inspection/repair record),150.0,326.0,0.7,311.0,93.0,427.0,1156.0,True,,True,True
NC-0502,NCEPR,NC-C085,,安兜变220kV,高温过热,T3,single_fault,case book: fault cause established per transformer (inspection/repair record),210.0,492.0,0.9,461.0,155.0,412.0,1176.0,True,,True,True
NC-0503,NCEPR,NC-C085,,安兜变220kV,高温过热,T3,single_fault,case book: fault cause established per transformer (inspection/repair record),262.0,612.0,1.2,556.0,187.0,426.0,1153.0,True,,True,True
NC-0504,NCEPR,NC-C085,,安兜变220kV,高温过热,T3,single_fault,case book: fault cause established per transformer (inspection/repair record),279.0,678.0,1.1,600.0,204.0,442.0,1310.0,True,,True,True
NC-0505,NCEPR,NC-C085,,安兜变220kV,高温过热,T3,single_fault,case book: fault cause established per transformer (inspection/repair record),275.0,613.0,1.1,529.0,177.0,461.0,1209.0,True,,True,True
NC-0506,NCEPR,NC-C085,,安兜变220kV,高温过热,T3,single_fault,case book: fault cause established per transformer (inspection/repair record),292.0,620.0,1.1,532.0,177.0,473.0,1211.0,True,,True,True
NC-0507,NCEPR,NC-C085,,安兜变220kV,高温过热,T3,single_fault,case book: fault cause established per transformer (inspection/repair record),223.0,496.0,1.0,449.0,151.0,399.0,1081.0,True,,True,True
NC-0508,NCEPR,NC-C085,,安兜变220kV,高温过热,T3,single_fault,case book: fault cause established per transformer (inspection/repair record),170.0,345.0,0.9,326.0,99.3,407.0,1089.0,True,,True,True
NC-0509,NCEPR,NC-C085,,安兜变220kV,高温过热,T3,single_fault,case book: fault cause established per transformer (inspection/repair record),252.0,572.0,1.1,523.0,176.0,377.0,1084.0,True,,True,True
NC-0510,NCEPR,NC-C085,,安兜变220kV,高温过热,T3,single_fault,case book: fault cause established per transformer (inspection/repair record),12000.0,920.0,5600.0,740.0,60.0,300.0,1700.0,True,,True,True
NC-0511,NCEPR,NC-C085,,安兜变220kV,高温过热,T3,single_fault,case book: fault cause established per transformer (inspection/repair record),127.0,336.0,0.9,321.0,101.0,418.0,1213.0,True,,True,True
NC-0512,NCEPR,NC-C085,,安兜变220kV,高温过热,T3,single_fault,case book: fault cause established per transformer (inspection/repair record),10.0,8.2,0.0,1.9,4.2,460.0,1200.0,True,,False,False
NC-0513,NCEPR,NC-C085,,安兜变220kV,高温过热,T3,single_fault,case book: fault cause established per transformer (inspection/repair record),140.0,291.0,0.6,265.0,85.0,370.0,977.0,True,,True,True
NC-0514,NCEPR,NC-C085,,安兜变220kV,高温过热,T3,single_fault,case book: fault cause established per transformer (inspection/repair record),136.0,285.0,0.7,267.0,89.0,375.0,1182.0,True,,True,True
NC-0515,NCEPR,NC-C085,,安兜变220kV,高温过热,T3,single_fault,case book: fault cause established per transformer (inspection/repair record),173.0,413.0,1.0,391.0,129.0,379.0,1191.0,True,,True,True
NC-0516,NCEPR,NC-C085,,安兜变220kV,高温过热,T3,single_fault,case book: fault cause established per transformer (inspection/repair record),155.0,321.0,0.7,304.0,90.0,404.0,1179.0,True,,True,True
NC-0517,NCEPR,NC-C085,,安兜变220kV,高温过热,T3,single_fault,case book: fault cause established per transformer (inspection/repair record),193.0,451.0,1.0,421.0,140.0,415.0,1088.0,True,,True,True
NC-0518,NCEPR,NC-C085,,安兜变220kV,高温过热,T3,single_fault,case book: fault cause established per transformer (inspection/repair record),287.0,707.0,1.3,642.0,219.0,449.0,1292.0,True,,True,True
NC-0519,NCEPR,NC-C085,,安兜变220kV,高温过热,T3,single_fault,case book: fault cause established per transformer (inspection/repair record),260.0,580.0,1.0,497.0,164.0,580.0,1113.0,True,,True,True
NC-0520,NCEPR,NC-C085,,安兜变220kV,高温过热,T3,single_fault,case book: fault cause established per transformer (inspection/repair record),191.0,427.0,1.0,390.0,127.0,425.0,1131.0,True,,True,True
NC-0521,NCEPR,NC-C086,,浙江省许墅变110kV,高能放电，放电故障，电弧放电,D2,single_fault,case book: fault cause established per transformer (inspection/repair record),28.318,10.927,0.454,2.563,13.128,939.618,4051.798,True,,False,False
NC-0522,NCEPR,NC-C086,,浙江省许墅变110kV,高能放电，放电故障，电弧放电,D2,single_fault,case book: fault cause established per transformer (inspection/repair record),41.28,14.34,0.93,3.04,16.57,1119.26,4667.84,True,,False,False
NC-0523,NCEPR,NC-C086,,浙江省许墅变110kV,高能放电，放电故障，电弧放电,D2,single_fault,case book: fault cause established per transformer (inspection/repair record),14.74,13.52,0.51,3.45,18.19,977.57,4482.78,True,,False,False
NC-0524,NCEPR,NC-C086,,浙江省许墅变110kV,高能放电，放电故障，电弧放电,D2,single_fault,case book: fault cause established per transformer (inspection/repair record),14.77,11.366,0.372,2.347,11.968,906.986,3557.508,True,,False,False
NC-0525,NCEPR,NC-C086,,浙江省许墅变110kV,高能放电，放电故障，电弧放电,D2,single_fault,case book: fault cause established per transformer (inspection/repair record),42.9,13.8,0.82,3.1,14.6,1217.5,4395.6,True,,False,False
NC-0526,NCEPR,NC-C086,,浙江省许墅变110kV,高能放电，放电故障，电弧放电,D2,single_fault,case book: fault cause established per transformer (inspection/repair record),142.61,21.55,32.8,3.65,37.94,857.09,2992.41,True,,True,True
NC-0527,NCEPR,NC-C086,,浙江省许墅变110kV,高能放电，放电故障，电弧放电,D2,single_fault,case book: fault cause established per transformer (inspection/repair record),18.91,8.2,0.44,1.7,8.92,692.63,2466.3,True,,False,False
NC-0528,NCEPR,NC-C086,,浙江省许墅变110kV,高能放电，放电故障，电弧放电,D2,single_fault,case book: fault cause established per transformer (inspection/repair record),12.44,10.96,0.37,2.51,12.26,774.9,3775.66,True,,False,False
NC-0529,NCEPR,NC-C086,,浙江省许墅变110kV,高能放电，放电故障，电弧放电,D2,single_fault,case book: fault cause established per transformer (inspection/repair record),16.5,10.4,0.4,2.1,10.5,817.6,3162.6,True,,False,False
NC-0530,NCEPR,NC-C086,,浙江省许墅变110kV,高能放电，放电故障，电弧放电,D2,single_fault,case book: fault cause established per transformer (inspection/repair record),30.88,11.14,0.7,1.78,9.47,1123.2,3688.34,True,,False,False
NC-0531,NCEPR,NC-C086,,浙江省许墅变110kV,高能放电，放电故障，电弧放电,D2,single_fault,case book: fault cause established per transformer (inspection/repair record),21.2,10.89,0.41,2.42,12.03,860.64,3563.8,True,,False,False
NC-0532,NCEPR,NC-C086,,浙江省许墅变110kV,高能放电，放电故障，电弧放电,D2,single_fault,case book: fault cause established per transformer (inspection/repair record),56.8,10.99,0.6,2.63,12.31,1130.4,4298.5,True,,False,False
NC-0533,NCEPR,NC-C086,,浙江省许墅变110kV,高能放电，放电故障，电弧放电,D2,single_fault,case book: fault cause established per transformer (inspection/repair record),43.56,12.39,0.81,2.71,15.69,1201.93,4275.17,True,,False,False
NC-0534,NCEPR,NC-C087,,黄渡站500kV,低能放电,D1,single_fault,case book: fault cause established per transformer (inspection/repair record),4.0,7.6,0.0,2.1,0.4,570.0,1257.0,True,,False,False
NC-0535,NCEPR,NC-C087,,黄渡站500kV,低能放电,D1,single_fault,case book: fault cause established per transformer (inspection/repair record),244.0,47.8,56.1,15.0,33.9,422.0,1396.0,True,,True,True
NC-0536,NCEPR,NC-C087,,黄渡站500kV,低能放电,D1,single_fault,case book: fault cause established per transformer (inspection/repair record),3.02,9.59,0.0,2.24,0.46,489.88,2023.36,True,,False,False
NC-0537,NCEPR,NC-C087,,黄渡站500kV,低能放电,D1,single_fault,case book: fault cause established per transformer (inspection/repair record),2.0,7.7,0.0,2.0,0.4,385.0,1455.0,True,,False,False
NC-0538,NCEPR,NC-C087,,黄渡站500kV,低能放电,D1,single_fault,case book: fault cause established per transformer (inspection/repair record),229.0,47.2,58.3,16.5,35.9,424.0,1491.0,True,,True,True
NC-0539,NCEPR,NC-C087,,黄渡站500kV,低能放电,D1,single_fault,case book: fault cause established per transformer (inspection/repair record),2.19,6.91,0.0,1.55,0.33,382.11,1143.61,True,,False,False
NC-0540,NCEPR,NC-C088,,回兴变电站110kV,高能放电，放电故障，电弧放电,D2,single_fault,case book: fault cause established per transformer (inspection/repair record),0.0,0.0,0.0,0.0,0.0,0.0,0.0,True,,False,False
NC-0541,NCEPR,NC-C088,,回兴变电站110kV,高能放电，放电故障，电弧放电,D2,single_fault,case book: fault cause established per transformer (inspection/repair record),106.0,44.2,113.0,113.4,7.4,218.0,881.0,True,,True,True
NC-0542,NCEPR,NC-C089,,莫愁变220kV,局部放电,PD,single_fault,case book: fault cause established per transformer (inspection/repair record),27.1,3.1,0.0,0.3,0.3,153.4,989.9,True,,False,False
NC-0543,NCEPR,NC-C089,,莫愁变220kV,局部放电,PD,single_fault,case book: fault cause established per transformer (inspection/repair record),15.2,3.2,0.0,0.3,0.3,187.1,922.0,True,,False,False
NC-0544,NCEPR,NC-C089,,莫愁变220kV,局部放电,PD,single_fault,case book: fault cause established per transformer (inspection/repair record),19.4,2.0,0.0,0.2,0.2,130.0,751.0,True,,False,False
NC-0545,NCEPR,NC-C089,,莫愁变220kV,局部放电,PD,single_fault,case book: fault cause established per transformer (inspection/repair record),34.2,3.1,0.0,0.3,0.5,153.6,1236.9,True,,False,False
NC-0546,NCEPR,NC-C090,,浙江省闻堰变220kV,低能放电,D1,single_fault,case book: fault cause established per transformer (inspection/repair record),250.79,54.61,86.24,7.78,63.34,681.59,4910.29,True,,True,True
NC-0547,NCEPR,NC-C090,,浙江省闻堰变220kV,低能放电,D1,single_fault,case book: fault cause established per transformer (inspection/repair record),236.69,53.54,83.48,7.63,61.54,664.16,4752.82,True,,True,True
NC-0548,NCEPR,NC-C091,,延陵变220kV,高能放电，放电故障，电弧放电,D2,single_fault,case book: fault cause established per transformer (inspection/repair record),93.0,64.4,22.9,65.1,17.9,820.0,2937.0,True,,True,True
NC-0549,NCEPR,NC-C091,,延陵变220kV,高能放电，放电故障，电弧放电,D2,single_fault,case book: fault cause established per transformer (inspection/repair record),120.0,72.9,25.9,65.6,17.6,1450.0,5450.0,True,,True,True
NC-0550,NCEPR,NC-C091,,延陵变220kV,高能放电，放电故障，电弧放电,D2,single_fault,case book: fault cause established per transformer (inspection/repair record),107.0,65.6,23.1,59.1,15.8,1293.0,4933.0,True,,True,True
NC-0551,NCEPR,NC-C091,,延陵变220kV,高能放电，放电故障，电弧放电,D2,single_fault,case book: fault cause established per transformer (inspection/repair record),92.0,63.1,23.1,64.9,19.3,872.0,3170.0,True,,True,True
NC-0552,NCEPR,NC-C092,,桃曲变电站330kV,高能放电，放电故障，电弧放电,D2,single_fault,case book: fault cause established per transformer (inspection/repair record),4.74,34.32,0.0,8.16,5.53,1360.96,6770.8,True,,False,False
NC-0553,NCEPR,NC-C092,,桃曲变电站330kV,高能放电，放电故障，电弧放电,D2,single_fault,case book: fault cause established per transformer (inspection/repair record),224.87,82.46,79.86,132.25,4.62,1359.25,6177.48,True,,True,True
NC-0554,NCEPR,NC-C093,,宏山变电站220kV,高能放电，放电故障，电弧放电,D2,single_fault,case book: fault cause established per transformer (inspection/repair record),45.32,25.99,27.64,20.09,4.63,675.57,3261.05,True,,True,True
NC-0555,NCEPR,NC-C093,,宏山变电站220kV,高能放电，放电故障，电弧放电,D2,single_fault,case book: fault cause established per transformer (inspection/repair record),23.91,14.44,0.0,1.71,10.6,284.93,3282.83,True,,False,False
NC-0556,NCEPR,NC-C093,,宏山变电站220kV,高能放电，放电故障，电弧放电,D2,single_fault,case book: fault cause established per transformer (inspection/repair record),6.66,9.42,0.0,1.24,2.74,482.79,2598.56,True,,False,False
NC-0557,NCEPR,NC-C093,,宏山变电站220kV,高能放电，放电故障，电弧放电,D2,single_fault,case book: fault cause established per transformer (inspection/repair record),17.42,12.18,0.0,1.39,2.95,562.32,3055.06,True,,False,False
NC-0558,NCEPR,NC-C093,,宏山变电站220kV,高能放电，放电故障，电弧放电,D2,single_fault,case book: fault cause established per transformer (inspection/repair record),39.38,12.72,0.0,1.58,3.47,655.58,3390.8,True,,False,False
NC-0559,NCEPR,NC-C093,,宏山变电站220kV,高能放电，放电故障，电弧放电,D2,single_fault,case book: fault cause established per transformer (inspection/repair record),41.23,20.85,15.86,11.9,4.35,686.13,3412.13,True,,True,True
NC-0560,NCEPR,NC-C093,,宏山变电站220kV,高能放电，放电故障，电弧放电,D2,single_fault,case book: fault cause established per transformer (inspection/repair record),21.3,11.36,0.0,1.33,2.96,586.81,2958.36,True,,False,False
NC-0561,NCEPR,NC-C093,,宏山变电站220kV,高能放电，放电故障，电弧放电,D2,single_fault,case book: fault cause established per transformer (inspection/repair record),4.6,10.71,0.0,1.28,2.86,460.45,2773.43,True,,False,False
NC-0562,NCEPR,NC-C093,,宏山变电站220kV,高能放电，放电故障，电弧放电,D2,single_fault,case book: fault cause established per transformer (inspection/repair record),9.85,13.75,0.0,1.62,3.42,512.43,2415.7,True,,False,False
NC-0563,NCEPR,NC-C093,,宏山变电站220kV,高能放电，放电故障，电弧放电,D2,single_fault,case book: fault cause established per transformer (inspection/repair record),21.32,10.77,0.0,1.2,2.59,585.26,2854.59,True,,False,False
NC-0564,NCEPR,NC-C093,,宏山变电站220kV,高能放电，放电故障，电弧放电,D2,single_fault,case book: fault cause established per transformer (inspection/repair record),18.07,12.82,0.0,1.36,3.13,666.69,3128.53,True,,False,False
NC-0565,NCEPR,NC-C093,,宏山变电站220kV,高能放电，放电故障，电弧放电,D2,single_fault,case book: fault cause established per transformer (inspection/repair record),21.29,12.0,0.0,1.49,5.39,599.5,3125.7,True,,False,False
NC-0566,NCEPR,NC-C093,,宏山变电站220kV,高能放电，放电故障，电弧放电,D2,single_fault,case book: fault cause established per transformer (inspection/repair record),17.71,12.54,0.0,1.59,3.54,645.82,3251.28,True,,False,False
NC-0567,NCEPR,NC-C093,,宏山变电站220kV,高能放电，放电故障，电弧放电,D2,single_fault,case book: fault cause established per transformer (inspection/repair record),16.61,12.94,0.0,1.61,3.89,650.25,3431.56,True,,False,False
NC-0568,NCEPR,NC-C093,,宏山变电站220kV,高能放电，放电故障，电弧放电,D2,single_fault,case book: fault cause established per transformer (inspection/repair record),18.54,13.0,0.0,1.72,3.6,662.84,3467.66,True,,False,False
NC-0572,NCEPR,NC-C095,,东阳变220kV,高能放电，放电故障，电弧放电,D2,single_fault,case book: fault cause established per transformer (inspection/repair record),197.7,91.4,43.5,79.8,8.3,330.6,360.6,True,,True,True
NC-0573,NCEPR,NC-C095,,东阳变220kV,高能放电，放电故障，电弧放电,D2,single_fault,case book: fault cause established per transformer (inspection/repair record),23.4,2.9,0.0,0.3,0.3,190.7,465.4,True,,False,False
NC-0574,NCEPR,NC-C095,,东阳变220kV,高能放电，放电故障，电弧放电,D2,single_fault,case book: fault cause established per transformer (inspection/repair record),7.9,0.2,0.0,0.1,0.1,18.3,69.8,True,,False,False
NC-0575,NCEPR,NC-C095,,东阳变220kV,高能放电，放电故障，电弧放电,D2,single_fault,case book: fault cause established per transformer (inspection/repair record),5.2,0.5,0.0,0.1,0.1,7.4,155.3,True,,False,False
NC-0580,NCEPR,NC-C097,,松山站110kV,高能放电，放电故障，电弧放电,D2,single_fault,case book: fault cause established per transformer (inspection/repair record),114.24,6.94,27.11,5.25,3.69,295.11,727.36,True,,True,True
NC-0581,NCEPR,NC-C097,,松山站110kV,高能放电，放电故障，电弧放电,D2,single_fault,case book: fault cause established per transformer (inspection/repair record),173.94,12.08,34.63,9.79,1.67,492.49,1706.2,True,,True,True
NC-0582,NCEPR,NC-C097,,松山站110kV,高能放电，放电故障，电弧放电,D2,single_fault,case book: fault cause established per transformer (inspection/repair record),81.59,90.94,1.34,198.7,25.13,251.0,1704.12,True,,True,True
NC-0583,NCEPR,NC-C097,,松山站110kV,高能放电，放电故障，电弧放电,D2,single_fault,case book: fault cause established per transformer (inspection/repair record),2.56,0.09,0.0,0.0,0.0,2.31,18.84,True,,False,False
NC-0584,NCEPR,NC-C097,,松山站110kV,高能放电，放电故障，电弧放电,D2,single_fault,case book: fault cause established per transformer (inspection/repair record),130.62,6.93,28.26,6.63,1.33,305.85,1056.45,True,,True,True
NC-0585,NCEPR,NC-C097,,松山站110kV,高能放电，放电故障，电弧放电,D2,single_fault,case book: fault cause established per transformer (inspection/repair record),3.32,2.86,0.45,1.77,0.0,3.63,120.14,True,,False,False
NC-0588,NCEPR,NC-C099,,马营变电站330kV,高能放电，放电故障，电弧放电,D2,single_fault,case book: fault cause established per transformer (inspection/repair record),416.9,105.4,257.0,259.7,14.3,1051.7,7351.7,True,,True,True
NC-0589,NCEPR,NC-C099,,马营变电站330kV,高能放电，放电故障，电弧放电,D2,single_fault,case book: fault cause established per transformer (inspection/repair record),193.8,140015.9,7355.8,45651.6,9773.6,7832.3,18934.0,True,,True,True
NC-0590,NCEPR,NC-C100,,玉林店变电站35kV,高能放电，放电故障，电弧放电,D2,single_fault,case book: fault cause established per transformer (inspection/repair record),45.23,2.87,0.0,1.69,2.57,158.25,459.37,True,,False,False
NC-0591,NCEPR,NC-C100,,玉林店变电站35kV,高能放电，放电故障，电弧放电,D2,single_fault,case book: fault cause established per transformer (inspection/repair record),123.85,39.62,63.74,61.38,7.89,215.01,502.47,True,,True,True
NC-0592,NCEPR,NC-C100,,玉林店变电站35kV,高能放电，放电故障，电弧放电,D2,single_fault,case book: fault cause established per transformer (inspection/repair record),12.58,1.25,0.0,0.85,0.21,58.57,102.41,True,,False,False
NC-0593,NCEPR,NC-C101,,斑竹湾站110kV,高能放电，放电故障，电弧放电,D2,single_fault,case book: fault cause established per transformer (inspection/repair record),76.0,11.11,11.65,8.67,1.88,599.08,2867.41,True,,True,True
NC-0594,NCEPR,NC-C101,,斑竹湾站110kV,高能放电，放电故障，电弧放电,D2,single_fault,case book: fault cause established per transformer (inspection/repair record),47.65,8.45,0.0,3.92,4.67,579.49,2794.3,True,,False,False
NC-0595,NCEPR,NC-C101,,斑竹湾站110kV,高能放电，放电故障，电弧放电,D2,single_fault,case book: fault cause established per transformer (inspection/repair record),44.83,7.46,0.0,3014.0,1.92,555.34,2746.72,True,,True,True
NC-0596,NCEPR,NC-C101,,斑竹湾站110kV,高能放电，放电故障，电弧放电,D2,single_fault,case book: fault cause established per transformer (inspection/repair record),77.12,12.56,11.66,9.01,3.91,590.49,2741.27,True,,True,True
NC-0597,NCEPR,NC-C102,,吊黄楼变电站110kV,高能放电，放电故障，电弧放电,D2,single_fault,case book: fault cause established per transformer (inspection/repair record),4.97,17.76,8329.59,0.11,1201.43,48.1,27.71,True,,True,True
NC-0598,NCEPR,NC-C102,,吊黄楼变电站110kV,高能放电，放电故障，电弧放电,D2,single_fault,case book: fault cause established per transformer (inspection/repair record),211.21,24.99,10080.13,277.06,1924.17,99.52,147.53,True,,True,True
NC-0599,NCEPR,NC-C102,,吊黄楼变电站110kV,高能放电，放电故障，电弧放电,D2,single_fault,case book: fault cause established per transformer (inspection/repair record),158.29,22.52,7779.53,140.1,1537.23,74.69,91.62,True,,True,True
NC-0600,NCEPR,NC-C103,,崇明南门110kV,高温过热,T3,single_fault,case book: fault cause established per transformer (inspection/repair record),143.0,323.0,9.9,78.8,756.0,411.0,4348.0,True,,True,True
NC-0601,NCEPR,NC-C103,,崇明南门110kV,高温过热,T3,single_fault,case book: fault cause established per transformer (inspection/repair record),53.0,99.1,2.2,23.9,224.0,451.0,3778.0,True,,True,True
NC-0602,NCEPR,NC-C103,,崇明南门110kV,高温过热,T3,single_fault,case book: fault cause established per transformer (inspection/repair record),20.0,47.8,0.2,11.8,94.8,367.0,3230.0,True,,True,True
NC-0603,NCEPR,NC-C103,,崇明南门110kV,高温过热,T3,single_fault,case book: fault cause established per transformer (inspection/repair record),153.0,265.4,6.9,55.5,582.9,483.0,4505.0,True,,True,True
NC-0604,NCEPR,NC-C103,,崇明南门110kV,高温过热,T3,single_fault,case book: fault cause established per transformer (inspection/repair record),25.0,65.8,0.2,14.7,131.8,473.0,4168.0,True,,True,True
NC-0605,NCEPR,NC-C103,,崇明南门110kV,高温过热,T3,single_fault,case book: fault cause established per transformer (inspection/repair record),80.0,184.4,3.7,43.9,410.7,476.0,4627.0,True,,True,True
NC-0606,NCEPR,NC-C103,,崇明南门110kV,高温过热,T3,single_fault,case book: fault cause established per transformer (inspection/repair record),51.0,40.8,0.2,8.9,74.6,322.0,2832.0,True,,False,False
NC-0607,NCEPR,NC-C103,,崇明南门110kV,高温过热,T3,single_fault,case book: fault cause established per transformer (inspection/repair record),3.0,6.8,0.3,9.4,13.7,28.0,613.0,True,,False,False
NC-0608,NCEPR,NC-C104,,陶都变220kV,高能放电，放电故障，电弧放电,D2,single_fault,case book: fault cause established per transformer (inspection/repair record),6.0,1.4,0.0,0.4,1.4,528.0,1500.0,True,,False,False
NC-0609,NCEPR,NC-C104,,陶都变220kV,高能放电，放电故障，电弧放电,D2,single_fault,case book: fault cause established per transformer (inspection/repair record),4.0,1.5,0.0,0.4,1.5,578.0,1605.0,True,,False,False
NC-0610,NCEPR,NC-C104,,陶都变220kV,高能放电，放电故障，电弧放电,D2,single_fault,case book: fault cause established per transformer (inspection/repair record),8.0,5.9,0.0,3.1,1.2,277.0,741.0,True,,False,False
NC-0611,NCEPR,NC-C104,,陶都变220kV,高能放电，放电故障，电弧放电,D2,single_fault,case book: fault cause established per transformer (inspection/repair record),9.0,6.8,0.0,2.9,1.0,436.0,613.0,True,,False,False
NC-0612,NCEPR,NC-C104,,陶都变220kV,高能放电，放电故障，电弧放电,D2,single_fault,case book: fault cause established per transformer (inspection/repair record),95.0,27.4,135.8,29.4,2.8,501.0,1139.0,True,,True,True
NC-0613,NCEPR,NC-C104,,陶都变220kV,高能放电，放电故障，电弧放电,D2,single_fault,case book: fault cause established per transformer (inspection/repair record),186.0,36.9,103.7,31.8,3.1,511.0,1320.0,True,,True,True
NC-0614,NCEPR,NC-C104,,陶都变220kV,高能放电，放电故障，电弧放电,D2,single_fault,case book: fault cause established per transformer (inspection/repair record),68.0,22.3,117.0,26.4,2.9,526.0,1203.0,True,,True,True
NC-0615,NCEPR,NC-C104,,陶都变220kV,高能放电，放电故障，电弧放电,D2,single_fault,case book: fault cause established per transformer (inspection/repair record),5.0,1.4,0.0,0.4,1.3,566.0,1449.0,True,,False,False
NC-0616,NCEPR,NC-C104,,陶都变220kV,高能放电，放电故障，电弧放电,D2,single_fault,case book: fault cause established per transformer (inspection/repair record),166.0,38.9,104.8,31.7,3.1,536.0,1416.0,True,,True,True
NC-0617,NCEPR,NC-C105,,横山变220kV,高能放电，放电故障，电弧放电,D2,single_fault,case book: fault cause established per transformer (inspection/repair record),23.0,7.9,0.0,1.5,1.0,469.3,1158.0,True,,False,False
NC-0618,NCEPR,NC-C106,,连界变电站110kV,高能放电，放电故障，电弧放电,D2,single_fault,case book: fault cause established per transformer (inspection/repair record),15.8,5.1,,0.7,0.7,306.2,1182.2,True,,False,False
NC-0619,NCEPR,NC-C106,,连界变电站110kV,高能放电，放电故障，电弧放电,D2,single_fault,case book: fault cause established per transformer (inspection/repair record),18.0,13.0,5.7,7.4,2.7,590.7,3771.7,True,,True,True
NC-0620,NCEPR,NC-C106,,连界变电站110kV,高能放电，放电故障，电弧放电,D2,single_fault,case book: fault cause established per transformer (inspection/repair record),18.5,13.4,5.8,8.6,2.4,597.42,3866.46,True,,True,True
NC-0621,NCEPR,NC-C107,,镁都站220kV,高温过热,T3,single_fault,case book: fault cause established per transformer (inspection/repair record),9.0,73.61,0.28,79.64,18.69,528.25,1723.75,True,,True,True
NC-0622,NCEPR,NC-C107,,镁都站220kV,高温过热,T3,single_fault,case book: fault cause established per transformer (inspection/repair record),104.48,337.85,0.35,363.48,120.57,655.07,4682.52,True,,True,True
NC-0623,NCEPR,NC-C107,,镁都站220kV,高温过热,T3,single_fault,case book: fault cause established per transformer (inspection/repair record),41.31,125.23,0.0,132.75,27.42,529.5,2836.27,True,,True,True
NC-0624,NCEPR,NC-C107,,镁都站220kV,高温过热,T3,single_fault,case book: fault cause established per transformer (inspection/repair record),13.77,59.0,0.13,65.47,13.24,383.08,3811.68,True,,False,False
NC-0625,NCEPR,NC-C107,,镁都站220kV,高温过热,T3,single_fault,case book: fault cause established per transformer (inspection/repair record),134.94,409.39,0.76,350.48,106.03,574.4,3355.16,True,,True,True
NC-0626,NCEPR,NC-C107,,镁都站220kV,高温过热,T3,single_fault,case book: fault cause established per transformer (inspection/repair record),109.72,399.81,0.2,409.31,141.95,564.5,2943.37,True,,True,True
NC-0627,NCEPR,NC-C108,,扬名变220kV,高能放电，放电故障，电弧放电,D2,single_fault,case book: fault cause established per transformer (inspection/repair record),62.0,28.8,32.8,42.8,5.0,382.0,2985.0,True,,True,True
NC-0628,NCEPR,NC-C108,,扬名变220kV,高能放电，放电故障，电弧放电,D2,single_fault,case book: fault cause established per transformer (inspection/repair record),14.0,18.5,0.0,26.8,4.1,358.0,2239.0,True,,False,False
NC-0629,NCEPR,NC-C108,,扬名变220kV,高能放电，放电故障，电弧放电,D2,single_fault,case book: fault cause established per transformer (inspection/repair record),93.0,27.8,32.2,41.9,3.7,319.0,2173.0,True,,True,True
NC-0630,NCEPR,NC-C108,,扬名变220kV,高能放电，放电故障，电弧放电,D2,single_fault,case book: fault cause established per transformer (inspection/repair record),19.0,16.4,0.0,16.7,3.5,565.0,2267.0,True,,False,False
NC-0631,NCEPR,NC-C109,,白塔变电站110kV,低能放电,D1,single_fault,case book: fault cause established per transformer (inspection/repair record),1364.3,442.02,1063.37,1081.59,108.59,1326.12,5002.31,True,,True,True
NC-0632,NCEPR,NC-C109,,白塔变电站110kV,低能放电,D1,single_fault,case book: fault cause established per transformer (inspection/repair record),2056.61,657.24,1276.07,1140.24,118.09,1891.41,5732.49,True,,True,True
NC-0635,NCEPR,NC-C111,,桥南变电站110kV,高能放电，放电故障，电弧放电,D2,single_fault,case book: fault cause established per transformer (inspection/repair record),328.01,112.2,581.22,317.04,28.4,481.03,4546.25,True,,True,True
NC-0636,NCEPR,NC-C112,,练塘站1000kV,低能放电,D1,single_fault,case book: fault cause established per transformer (inspection/repair record),3.0,2.5,0.12,0.3,0.3,208.0,201.0,True,,False,False
NC-0637,NCEPR,NC-C112,,练塘站1000kV,低能放电,D1,single_fault,case book: fault cause established per transformer (inspection/repair record),11.0,1.7,0.0,0.2,0.2,197.0,176.0,True,,False,False
NC-0638,NCEPR,NC-C112,,练塘站1000kV,低能放电,D1,single_fault,case book: fault cause established per transformer (inspection/repair record),2.0,1.3,0.0,0.1,0.1,118.0,135.0,True,,False,False
NC-0639,NCEPR,NC-C112,,练塘站1000kV,低能放电,D1,single_fault,case book: fault cause established per transformer (inspection/repair record),2.0,2.6,0.14,0.2,0.2,211.0,289.0,True,,False,False
NC-0640,NCEPR,NC-C113,,顾路站500kV,高温过热,T3,single_fault,case book: fault cause established per transformer (inspection/repair record),20.0,41.2,0.1,43.0,11.2,307.0,847.0,True,,False,False
NC-0641,NCEPR,NC-C113,,顾路站500kV,高温过热,T3,single_fault,case book: fault cause established per transformer (inspection/repair record),25.0,61.2,0.1,54.2,15.2,322.0,1025.0,True,,False,False
NC-0642,NCEPR,NC-C113,,顾路站500kV,高温过热,T3,single_fault,case book: fault cause established per transformer (inspection/repair record),23.0,58.3,0.1,58.1,18.9,355.0,862.0,True,,False,False
NC-0643,NCEPR,NC-C113,,顾路站500kV,高温过热,T3,single_fault,case book: fault cause established per transformer (inspection/repair record),17.0,42.3,0.1,40.9,11.9,295.0,902.0,True,,False,False
NC-0644,NCEPR,NC-C113,,顾路站500kV,高温过热,T3,single_fault,case book: fault cause established per transformer (inspection/repair record),18.0,55.1,0.1,54.9,17.6,317.0,897.0,True,,False,False
NC-0645,NCEPR,NC-C113,,顾路站500kV,高温过热,T3,single_fault,case book: fault cause established per transformer (inspection/repair record),26.0,82.7,0.0,83.2,26.1,326.0,1005.0,True,,True,True
NC-0646,NCEPR,NC-C113,,顾路站500kV,高温过热,T3,single_fault,case book: fault cause established per transformer (inspection/repair record),21.0,56.9,0.0,56.5,16.6,314.0,1071.0,True,,False,False
NC-0647,NCEPR,NC-C113,,顾路站500kV,高温过热,T3,single_fault,case book: fault cause established per transformer (inspection/repair record),33.0,93.1,0.0,90.5,28.0,362.0,1081.0,True,,True,True
NC-0648,NCEPR,NC-C114,,新城变220kV,高能放电，放电故障，电弧放电,D2,single_fault,case book: fault cause established per transformer (inspection/repair record),19.0,1.7,0.0,0.8,0.2,73.0,246.0,True,,False,False
NC-0649,NCEPR,NC-C114,,新城变220kV,高能放电，放电故障，电弧放电,D2,single_fault,case book: fault cause established per transformer (inspection/repair record),5.0,1.0,0.0,0.2,0.4,14.0,76.0,True,,False,False
NC-0650,NCEPR,NC-C114,,新城变220kV,高能放电，放电故障，电弧放电,D2,single_fault,case book: fault cause established per transformer (inspection/repair record),15.0,1.4,0.0,0.3,0.2,57.0,253.0,True,,False,False
NC-0651,NCEPR,NC-C114,,新城变220kV,高能放电，放电故障，电弧放电,D2,single_fault,case book: fault cause established per transformer (inspection/repair record),5.0,0.8,0.0,0.2,0.3,6.0,31.0,True,,False,False
NC-0652,NCEPR,NC-C115,,玉林站110kV,高能放电，放电故障，电弧放电,D2,single_fault,case book: fault cause established per transformer (inspection/repair record),782.9,197.5,377.6,324.0,24.8,707.9,537.4,True,,True,True
NC-0653,NCEPR,NC-C115,,玉林站110kV,高能放电，放电故障，电弧放电,D2,single_fault,case book: fault cause established per transformer (inspection/repair record),227.6,34.5,58.8,53.3,5.6,226.9,460.8,True,,True,True
NC-0654,NCEPR,NC-C115,,玉林站110kV,高能放电，放电故障，电弧放电,D2,single_fault,case book: fault cause established per transformer (inspection/repair record),0.0,0.5,0.0,0.1,0.2,8.0,214.5,True,,False,False
NC-0655,NCEPR,NC-C115,,玉林站110kV,高能放电，放电故障，电弧放电,D2,single_fault,case book: fault cause established per transformer (inspection/repair record),1.6,0.4,0.0,0.2,0.3,4.8,131.4,True,,False,False
NC-0656,NCEPR,NC-C115,,玉林站110kV,高能放电，放电故障，电弧放电,D2,single_fault,case book: fault cause established per transformer (inspection/repair record),351.0,61.0,90.6,75.4,6.3,326.7,480.7,True,,True,True
NC-0657,NCEPR,NC-C115,,玉林站110kV,高能放电，放电故障，电弧放电,D2,single_fault,case book: fault cause established per transformer (inspection/repair record),250.2,11.4,1.6,2.2,1.3,244.7,2050.1,True,,True,True
NC-0658,NCEPR,NC-C116,,马店河变电站220kV,高能放电，放电故障，电弧放电,D2,single_fault,case book: fault cause established per transformer (inspection/repair record),22.0,11.3,9.2,13.1,2.2,297.9,860.5,True,,True,True
NC-0659,NCEPR,NC-C116,,马店河变电站220kV,高能放电，放电故障，电弧放电,D2,single_fault,case book: fault cause established per transformer (inspection/repair record),26.3,13.3,17.3,20.4,3.1,272.3,770.6,True,,True,True
NC-0660,NCEPR,NC-C116,,马店河变电站220kV,高能放电，放电故障，电弧放电,D2,single_fault,case book: fault cause established per transformer (inspection/repair record),21578.0,1330.5,1891.4,732.7,629.0,24694.4,8299.8,True,,True,True
NC-0661,NCEPR,NC-C116,,马店河变电站220kV,高能放电，放电故障，电弧放电,D2,single_fault,case book: fault cause established per transformer (inspection/repair record),3087.1,500.3,1678.2,1468.1,111.9,3780.3,1722.8,True,,True,True
NC-0662,NCEPR,NC-C117,,黄家寨变330kV,高能放电，放电故障，电弧放电,D2,single_fault,case book: fault cause established per transformer (inspection/repair record),15.31,9.11,0.0,4.41,1.29,55.38,930.22,True,,False,False
NC-0663,NCEPR,NC-C117,,黄家寨变330kV,高能放电，放电故障，电弧放电,D2,single_fault,case book: fault cause established per transformer (inspection/repair record),13.14,8.54,0.0,5.12,1.53,65.54,1203.8,True,,False,False
NC-0664,NCEPR,NC-C117,,黄家寨变330kV,高能放电，放电故障，电弧放电,D2,single_fault,case book: fault cause established per transformer (inspection/repair record),15.42,9.12,0.0,4.3,1.3,58.0,980.2,True,,False,False
NC-0665,NCEPR,NC-C118,,龙潭变电站110kV,高能放电，放电故障，电弧放电,D2,single_fault,case book: fault cause established per transformer (inspection/repair record),5.72,8.77,2.34,19.0,1.71,261.01,3774.73,True,,False,False
NC-0678,NCEPR,NC-C120,,闫家站35kV,高能放电，放电故障，电弧放电,D2,single_fault,case book: fault cause established per transformer (inspection/repair record),102.4,31.4,13.57,22.6,10.36,234.5,287.6,True,,True,True
NC-0679,NCEPR,NC-C121,,岚山站220kV,高能放电，放电故障，电弧放电,D2,single_fault,case book: fault cause established per transformer (inspection/repair record),478.34,224.87,446.42,443.97,38.17,272.08,824.06,True,,True,True
NC-0680,NCEPR,NC-C122,,石牌变500kV,高温过热,T3,single_fault,case book: fault cause established per transformer (inspection/repair record),175.0,390.2,0.0,303.3,170.6,864.2,75.0,True,,True,True
NC-0681,NCEPR,NC-C123,,高新变220kV,高能放电，放电故障，电弧放电,D2,single_fault,case book: fault cause established per transformer (inspection/repair record),21.0,1.3,0.0,0.6,0.3,31.6,199.0,True,,False,False
NC-0682,NCEPR,NC-C123,,高新变220kV,高能放电，放电故障，电弧放电,D2,single_fault,case book: fault cause established per transformer (inspection/repair record),15.0,0.6,0.0,0.4,0.1,12.6,143.0,True,,False,False
NC-0683,NCEPR,NC-C123,,高新变220kV,高能放电，放电故障，电弧放电,D2,single_fault,case book: fault cause established per transformer (inspection/repair record),16.0,0.6,0.0,0.4,0.3,21.5,173.0,True,,False,False
NC-0684,NCEPR,NC-C123,,高新变220kV,高能放电，放电故障，电弧放电,D2,single_fault,case book: fault cause established per transformer (inspection/repair record),8.039,2.41,0.033,0.589,1.196,63.097,300.25,True,,False,False
NC-0685,NCEPR,NC-C124,,双山变电站220kV,低能放电,D1,single_fault,case book: fault cause established per transformer (inspection/repair record),8.0,0.0,0.0,1.0,0.0,47.0,277.0,True,,False,False
NC-0686,NCEPR,NC-C124,,双山变电站220kV,低能放电,D1,single_fault,case book: fault cause established per transformer (inspection/repair record),15298.0,843.2,2965.2,1369.2,53.5,5214.0,1965.0,True,,True,True
NC-0687,NCEPR,NC-C124,,双山变电站220kV,低能放电,D1,single_fault,case book: fault cause established per transformer (inspection/repair record),21.0,0.0,0.0,2.0,0.0,156.0,388.0,True,,False,False
NC-0688,NCEPR,NC-C124,,双山变电站220kV,低能放电,D1,single_fault,case book: fault cause established per transformer (inspection/repair record),0.0,0.0,0.0,0.9,0.0,34.0,239.0,True,,False,False
NC-0689,NCEPR,NC-C124,,双山变电站220kV,低能放电,D1,single_fault,case book: fault cause established per transformer (inspection/repair record),14.0,0.0,0.0,1.4,0.0,129.0,259.0,True,,False,False
NC-0690,NCEPR,NC-C124,,双山变电站220kV,低能放电,D1,single_fault,case book: fault cause established per transformer (inspection/repair record),10.0,0.0,0.0,1.2,0.0,28.0,318.0,True,,False,False
NC-0691,NCEPR,NC-C125,,河寨站330kV,高能放电，放电故障，电弧放电,D2,duplicate,case book: fault cause established per transformer (inspection/repair record),23.0,5.8,3.62,3.1,1.0,242.0,451.0,True,NC-0010,False,False
NC-0692,NCEPR,NC-C125,,河寨站330kV,高能放电，放电故障，电弧放电,D2,duplicate,case book: fault cause established per transformer (inspection/repair record),8.0,2.6,0.0,1.0,0.6,157.0,231.0,True,NC-0011,False,False
NC-0693,NCEPR,NC-C125,,河寨站330kV,高能放电，放电故障，电弧放电,D2,duplicate,case book: fault cause established per transformer (inspection/repair record),4.0,3.6,0.0,0.8,1.0,184.0,243.0,True,NC-0012,False,False
NC-0694,NCEPR,NC-C125,,河寨站330kV,高能放电，放电故障，电弧放电,D2,duplicate,case book: fault cause established per transformer (inspection/repair record),2142.0,234.0,86.9,57.4,4.5,1734.0,428.0,True,NC-0013,True,True
NC-0695,NCEPR,NC-C126,,湖美站110kV,低能放电,D1,single_fault,case book: fault cause established per transformer (inspection/repair record),38.95,2.94,5.25,0.87,0.35,107.71,317.53,True,,True,True
NC-0696,NCEPR,NC-C126,,湖美站110kV,低能放电,D1,single_fault,case book: fault cause established per transformer (inspection/repair record),2.33,0.46,0.48,0.51,0.25,4.8,77.31,True,,False,False
NC-0697,NCEPR,NC-C126,,湖美站110kV,低能放电,D1,single_fault,case book: fault cause established per transformer (inspection/repair record),12.37,0.92,0.51,0.37,0.0,10.62,131.17,True,,False,False
NC-0698,NCEPR,NC-C126,,湖美站110kV,低能放电,D1,single_fault,case book: fault cause established per transformer (inspection/repair record),28.1,2.13,2.48,0.57,0.24,78.45,217.13,True,,False,False
NC-0699,NCEPR,NC-C126,,湖美站110kV,低能放电,D1,single_fault,case book: fault cause established per transformer (inspection/repair record),32.28,2.44,2.7,0.67,0.38,84.41,234.57,True,,False,False
NC-0700,NCEPR,NC-C126,,湖美站110kV,低能放电,D1,single_fault,case book: fault cause established per transformer (inspection/repair record),24.63,2.01,1.82,0.54,0.24,84.34,249.12,True,,False,False
NC-0701,NCEPR,NC-C126,,湖美站110kV,低能放电,D1,single_fault,case book: fault cause established per transformer (inspection/repair record),0.0,0.25,0.16,0.31,0.0,1.0,38.52,True,,False,False
NC-0702,NCEPR,NC-C127,,洹安站500kV,高能放电，放电故障，电弧放电,D2,single_fault,case book: fault cause established per transformer (inspection/repair record),0.0,0.0,0.0,0.49,0.32,16.49,108.64,True,,False,False
NC-0703,NCEPR,NC-C127,,洹安站500kV,高能放电，放电故障，电弧放电,D2,single_fault,case book: fault cause established per transformer (inspection/repair record),0.0,0.0,0.0,0.41,0.0,28.69,217.25,True,,False,False
NC-0704,NCEPR,NC-C127,,洹安站500kV,高能放电，放电故障，电弧放电,D2,single_fault,case book: fault cause established per transformer (inspection/repair record),184.9,0.0,94.83,60.6,5.92,110.49,266.06,True,,True,True
NC-0705,NCEPR,NC-C127,,洹安站500kV,高能放电，放电故障，电弧放电,D2,single_fault,case book: fault cause established per transformer (inspection/repair record),0.0,0.0,0.0,0.6,0.0,40.17,230.08,True,,False,False
NC-0706,NCEPR,NC-C127,,洹安站500kV,高能放电，放电故障，电弧放电,D2,single_fault,case book: fault cause established per transformer (inspection/repair record),0.0,0.0,0.0,0.87,0.0,59.6,269.62,True,,False,False
NC-0707,NCEPR,NC-C127,,洹安站500kV,高能放电，放电故障，电弧放电,D2,single_fault,case book: fault cause established per transformer (inspection/repair record),0.0,0.0,0.0,0.31,0.0,13.63,135.87,True,,False,False
NC-0708,NCEPR,NC-C127,,洹安站500kV,高能放电，放电故障，电弧放电,D2,single_fault,case book: fault cause established per transformer (inspection/repair record),117.7,0.0,60.38,35.87,4.04,82.43,300.03,True,,True,True
NC-0709,NCEPR,NC-C128,,特高压南阳站1000kV,高能放电，放电故障，电弧放电,D2,single_fault,case book: fault cause established per transformer (inspection/repair record),214.19,71.35,189.11,92.85,7.05,547.33,374.98,True,,True,True
NC-0710,NCEPR,NC-C129,,桃园站110kV,高能放电，放电故障，电弧放电,D2,single_fault,case book: fault cause established per transformer (inspection/repair record),2015.3,461.29,1103.26,664.17,44.15,705.24,2197.35,True,,True,True
NC-0711,NCEPR,NC-C130,,滕家变电站110kV,低温过热，轻微过热，过热注意区,T1,single_fault,case book: fault cause established per transformer (inspection/repair record),15.0,4.05,0.0,0.35,0.0,129.0,353.0,True,,False,False
NC-0712,NCEPR,NC-C130,,滕家变电站110kV,低温过热，轻微过热，过热注意区,T1,single_fault,case book: fault cause established per transformer (inspection/repair record),27.7,4.11,0.0,1.69,0.0,431.13,1126.12,True,,False,False
NC-0713,NCEPR,NC-C130,,滕家变电站110kV,低温过热，轻微过热，过热注意区,T1,single_fault,case book: fault cause established per transformer (inspection/repair record),17.06,3.97,0.0,0.64,0.0,166.0,517.16,True,,False,False
NC-0714,NCEPR,NC-C131,,方下变电站220kV,低能放电,D1,single_fault,case book: fault cause established per transformer (inspection/repair record),11.83,8.98,0.0,1.51,3.99,172.15,772.64,True,,False,False
NC-0715,NCEPR,NC-C131,,方下变电站220kV,低能放电,D1,single_fault,case book: fault cause established per transformer (inspection/repair record),3.02,7.17,0.0,6.57,4.42,265.31,2426.73,True,,False,False
NC-0716,NCEPR,NC-C131,,方下变电站220kV,低能放电,D1,single_fault,case book: fault cause established per transformer (inspection/repair record),18.33,4.25,0.0,0.9,0.7,332.12,1015.12,True,,False,False
NC-0717,NCEPR,NC-C131,,方下变电站220kV,低能放电,D1,single_fault,case book: fault cause established per transformer (inspection/repair record),14.74,2.81,0.0,1.02,0.97,340.58,311.93,True,,False,False
NC-0718,NCEPR,NC-C131,,方下变电站220kV,低能放电,D1,single_fault,case book: fault cause established per transformer (inspection/repair record),11.17,9.37,0.0,2.18,3.83,228.81,823.66,True,,False,False
NC-0719,NCEPR,NC-C132,,龙河变220kV,高能放电，放电故障，电弧放电,D2,single_fault,case book: fault cause established per transformer (inspection/repair record),22.0,1.7,0.0,0.0,0.0,0.0,236.0,True,,False,False
NC-0720,NCEPR,NC-C132,,龙河变220kV,高能放电，放电故障，电弧放电,D2,single_fault,case book: fault cause established per transformer (inspection/repair record),115.0,27.63,32.63,23.32,2.82,0.0,546.0,True,,True,True
NC-0721,NCEPR,NC-C132,,龙河变220kV,高能放电，放电故障，电弧放电,D2,single_fault,case book: fault cause established per transformer (inspection/repair record),10.0,1.6,0.0,0.0,0.0,0.0,343.0,True,,False,False
NC-0722,NCEPR,NC-C132,,龙河变220kV,高能放电，放电故障，电弧放电,D2,single_fault,case book: fault cause established per transformer (inspection/repair record),24.0,1.92,0.0,0.0,0.0,0.0,205.0,True,,False,False
NC-0723,NCEPR,NC-C132,,龙河变220kV,高能放电，放电故障，电弧放电,D2,single_fault,case book: fault cause established per transformer (inspection/repair record),67.0,23.47,28.77,20.92,1.96,0.0,470.0,True,,True,True
NC-0724,NCEPR,NC-C132,,龙河变220kV,高能放电，放电故障，电弧放电,D2,single_fault,case book: fault cause established per transformer (inspection/repair record),8.0,0.8,0.0,0.0,0.0,0.0,386.0,True,,False,False
NC-0725,NCEPR,NC-C132,,龙河变220kV,高能放电，放电故障，电弧放电,D2,single_fault,case book: fault cause established per transformer (inspection/repair record),58.0,11.47,13.03,9.64,1.57,0.0,278.0,True,,True,True
NC-0726,NCEPR,NC-C133,,长勺变电站220kV,低温过热，轻微过热，过热注意区,T1,single_fault,case book: fault cause established per transformer (inspection/repair record),16.9,3.2,0.0,1.26,1.29,403.8,756.4,True,,False,False
NC-0727,NCEPR,NC-C133,,长勺变电站220kV,低温过热，轻微过热，过热注意区,T1,single_fault,case book: fault cause established per transformer (inspection/repair record),13.58,4.1,0.0,1.58,1.4,469.16,847.9,True,,False,False
NC-0728,NCEPR,NC-C133,,长勺变电站220kV,低温过热，轻微过热，过热注意区,T1,single_fault,case book: fault cause established per transformer (inspection/repair record),13.89,2.48,0.0,1.01,1.17,342.57,623.16,True,,False,False
NC-0729,NCEPR,NC-C134,,胜利站220kV,低温过热，轻微过热，过热注意区,T1,single_fault,case book: fault cause established per transformer (inspection/repair record),62.02,3.02,0.0,0.69,0.76,217.88,596.4,True,,False,False
NC-0730,NCEPR,NC-C135,,胡麻营变电站110kV,高能放电，放电故障，电弧放电,D2,single_fault,case book: fault cause established per transformer (inspection/repair record),960.2,398.1,723.7,509.2,39.0,1320.5,6701.1,True,,True,True
NC-0731,NCEPR,NC-C135,,胡麻营变电站110kV,高能放电，放电故障，电弧放电,D2,single_fault,case book: fault cause established per transformer (inspection/repair record),4.2,21.3,0.0,18.7,3.6,922.9,9379.8,True,,False,False
NC-0732,NCEPR,NC-C136,,秦台站110kV,高温过热,T3,single_fault,case book: fault cause established per transformer (inspection/repair record),43.0,2.3,0.0,0.16,0.8,630.0,1100.0,True,,False,False
NC-0733,NCEPR,NC-C137,,微山站220kV,低温过热，轻微过热，过热注意区,T1,single_fault,case book: fault cause established per transformer (inspection/repair record),8.6,4.8,2.0,1.1,1.5,135.0,1201.0,True,,False,False
NC-0734,NCEPR,NC-C138,,佛山变电站220kV,低温过热，轻微过热，过热注意区,T1,single_fault,case book: fault cause established per transformer (inspection/repair record),11.8,15.1,0.0,1.9,2.3,652.0,2591.0,True,,False,False
NC-0735,NCEPR,NC-C139,,杨桥变电站220kV,局部放电,PD,single_fault,case book: fault cause established per transformer (inspection/repair record),15.0,13.0,0.0,1.1,6.1,529.0,1364.0,True,,False,False
NC-0736,NCEPR,NC-C139,,杨桥变电站220kV,局部放电,PD,single_fault,case book: fault cause established per transformer (inspection/repair record),20.4,4.43,0.0,0.0,0.38,884.9,2365.0,True,,False,False
NC-0737,NCEPR,NC-C139,,杨桥变电站220kV,局部放电,PD,single_fault,case book: fault cause established per transformer (inspection/repair record),20.0,9.2,0.0,0.0,4.3,735.0,1620.0,True,,False,False
NC-0738,NCEPR,NC-C139,,杨桥变电站220kV,局部放电,PD,single_fault,case book: fault cause established per transformer (inspection/repair record),19.0,8.9,0.0,0.17,5.1,255.0,501.0,True,,False,False
NC-0739,NCEPR,NC-C139,,杨桥变电站220kV,局部放电,PD,single_fault,case book: fault cause established per transformer (inspection/repair record),19.0,9.5,0.0,0.0,4.1,715.0,1520.0,True,,False,False
NC-0740,NCEPR,NC-C139,,杨桥变电站220kV,局部放电,PD,single_fault,case book: fault cause established per transformer (inspection/repair record),16.0,11.0,0.0,1.0,6.6,516.0,1303.0,True,,False,False
NC-0741,NCEPR,NC-C139,,杨桥变电站220kV,局部放电,PD,single_fault,case book: fault cause established per transformer (inspection/repair record),25.0,12.0,0.0,1.0,6.5,655.0,1316.0,True,,False,False
NC-0742,NCEPR,NC-C139,,杨桥变电站220kV,局部放电,PD,single_fault,case book: fault cause established per transformer (inspection/repair record),4506.0,1006.0,694.0,1608.0,349.0,718.0,1456.0,True,,True,True
NC-0743,NCEPR,NC-C139,,杨桥变电站220kV,局部放电,PD,single_fault,case book: fault cause established per transformer (inspection/repair record),19.0,8.7,0.0,0.16,5.2,255.0,498.0,True,,False,False
NC-0744,NCEPR,NC-C140,,长春站220kV,局部放电,PD,single_fault,case book: fault cause established per transformer (inspection/repair record),12.0,27.9,0.0,169.6,13.5,1149.0,16462.0,True,,True,True
NC-0745,NCEPR,NC-C140,,长春站220kV,局部放电,PD,single_fault,case book: fault cause established per transformer (inspection/repair record),65.0,49.2,0.0,12.8,14.0,1027.0,8319.0,True,,False,False
NC-0746,NCEPR,NC-C140,,长春站220kV,局部放电,PD,single_fault,case book: fault cause established per transformer (inspection/repair record),3.0,9.8,0.0,42.6,8.8,276.0,6908.0,True,,False,False
NC-0747,NCEPR,NC-C141,,宣家变电站110kV,低温过热，轻微过热，过热注意区,T1,single_fault,case book: fault cause established per transformer (inspection/repair record),6.3,6.1,0.0,88.0,10.0,850.0,5600.0,True,,False,False
NC-0748,NCEPR,NC-C142,,胜利站220kV,低温过热，轻微过热，过热注意区,T1,single_fault,case book: fault cause established per transformer (inspection/repair record),17.84,9.69,0.0,1.99,0.27,1117.43,2623.17,True,,False,False
NC-0749,NCEPR,NC-C143,,潭埠变电站500kV,高能放电，放电故障，电弧放电,D2,single_fault,case book: fault cause established per transformer (inspection/repair record),22.03,47.68,1.56,92.94,10.89,1080.0,4076.0,True,,True,True
NC-0750,NCEPR,NC-C143,,潭埠变电站500kV,高能放电，放电故障，电弧放电,D2,single_fault,case book: fault cause established per transformer (inspection/repair record),21.86,47.05,0.99,92.45,14.65,1083.0,4649.0,True,,True,True
NC-0751,NCEPR,NC-C143,,潭埠变电站500kV,高能放电，放电故障，电弧放电,D2,single_fault,case book: fault cause established per transformer (inspection/repair record),544.73,129.35,1.52,60.06,4.18,10941.0,4373.0,True,,True,True
NC-0752,NCEPR,NC-C143,,潭埠变电站500kV,高能放电，放电故障，电弧放电,D2,single_fault,case book: fault cause established per transformer (inspection/repair record),23.77,50.65,1.67,99.43,11.36,1147.0,4303.0,True,,True,True
NC-0753,NCEPR,NC-C143,,潭埠变电站500kV,高能放电，放电故障，电弧放电,D2,single_fault,case book: fault cause established per transformer (inspection/repair record),10.78,39.65,0.78,80.99,12.84,778.0,4293.0,True,,False,False
NC-0754,NCEPR,NC-C143,,潭埠变电站500kV,高能放电，放电故障，电弧放电,D2,single_fault,case book: fault cause established per transformer (inspection/repair record),16.8,41.51,0.99,79.29,13.86,964.0,3900.0,True,,False,False
NC-0755,NCEPR,NC-C144,,坦埠变电站110kV,低温过热，轻微过热，过热注意区,T1,single_fault,case book: fault cause established per transformer (inspection/repair record),40.0,4.51,0.0,0.91,0.7,369.0,794.0,True,,False,False
NC-0756,NCEPR,NC-C144,,坦埠变电站110kV,低温过热，轻微过热，过热注意区,T1,single_fault,case book: fault cause established per transformer (inspection/repair record),36.0,4.45,0.0,0.85,0.6,333.0,749.0,True,,False,False
NC-0757,NCEPR,NC-C145,,佘家110kV,高能放电，放电故障，电弧放电,D2,single_fault,case book: fault cause established per transformer (inspection/repair record),23.0,0.9,0.0,0.19,0.0,210.0,450.0,True,,False,False
NC-0758,NCEPR,NC-C145,,佘家110kV,高能放电，放电故障，电弧放电,D2,single_fault,case book: fault cause established per transformer (inspection/repair record),30.0,1.3,1.6,0.0,0.0,220.0,510.0,True,,False,False
NC-0759,NCEPR,NC-C146,,宝都变电站220kV,高能放电，放电故障，电弧放电,D2,single_fault,case book: fault cause established per transformer (inspection/repair record),7.2,3.3,1.6,2.7,0.94,278.0,772.0,True,,False,False
NC-0760,NCEPR,NC-C146,,宝都变电站220kV,高能放电，放电故障，电弧放电,D2,single_fault,case book: fault cause established per transformer (inspection/repair record),7.5,3.3,1.6,2.6,0.97,275.0,705.0,True,,False,False
NC-0761,NCEPR,NC-C146,,宝都变电站220kV,高能放电，放电故障，电弧放电,D2,single_fault,case book: fault cause established per transformer (inspection/repair record),5.1,2.3,0.0,0.42,0.71,226.0,649.0,True,,False,False
NC-0762,NCEPR,NC-C146,,宝都变电站220kV,高能放电，放电故障，电弧放电,D2,single_fault,case book: fault cause established per transformer (inspection/repair record),8.4,4.3,3.8,5.5,1.3,275.0,756.0,True,,False,False
NC-0763,NCEPR,NC-C146,,宝都变电站220kV,高能放电，放电故障，电弧放电,D2,single_fault,case book: fault cause established per transformer (inspection/repair record),6.7,2.6,0.0,0.53,0.38,308.0,816.0,True,,False,False
NC-0764,NCEPR,NC-C146,,宝都变电站220kV,高能放电，放电故障，电弧放电,D2,single_fault,case book: fault cause established per transformer (inspection/repair record),11.2,5.4,6.9,9.1,1.4,273.0,701.0,True,,True,True
NC-0765,NCEPR,NC-C147,,武圣站110kV,高温过热,T3,single_fault,case book: fault cause established per transformer (inspection/repair record),84.0,3.3,0.0,0.56,1.3,680.0,3700.0,True,,False,False
NC-0766,NCEPR,NC-C148,,马店河站220kV,高能放电，放电故障，电弧放电,D2,single_fault,case book: fault cause established per transformer (inspection/repair record),0.0,10.2,0.3,1.8,0.1,43.3,143.4,True,,False,False
NC-0767,NCEPR,NC-C148,,马店河站220kV,高能放电，放电故障，电弧放电,D2,single_fault,case book: fault cause established per transformer (inspection/repair record),0.0,11.8,0.5,3.0,0.2,208.0,638.0,True,,False,False
NC-0768,NCEPR,NC-C149,,凤凰变电站750kV,高温过热,T3,single_fault,case book: fault cause established per transformer (inspection/repair record),117.32,150.1,1.04,141.88,41.22,84.83,362.14,True,,True,True
NC-0769,NCEPR,NC-C149,,凤凰变电站750kV,高温过热,T3,single_fault,case book: fault cause established per transformer (inspection/repair record),61.48,34.22,0.0,26.66,9.78,83.65,39.44,True,,False,False
NC-0770,NCEPR,NC-C149,,凤凰变电站750kV,高温过热,T3,single_fault,case book: fault cause established per transformer (inspection/repair record),125.65,165.96,0.86,168.75,51.73,88.62,316.12,True,,True,True
NC-0771,NCEPR,NC-C149,,凤凰变电站750kV,高温过热,T3,single_fault,case book: fault cause established per transformer (inspection/repair record),46.68,3.93,0.0,0.99,0.81,91.48,298.54,True,,False,False
NC-0772,NCEPR,NC-C149,,凤凰变电站750kV,高温过热,T3,single_fault,case book: fault cause established per transformer (inspection/repair record),104.58,130.8,1.06,124.53,34.88,82.9,293.88,True,,True,True
NC-0773,NCEPR,NC-C149,,凤凰变电站750kV,高温过热,T3,single_fault,case book: fault cause established per transformer (inspection/repair record),80.76,85.13,0.19,72.74,24.12,84.46,264.18,True,,True,True
NC-0774,NCEPR,NC-C149,,凤凰变电站750kV,高温过热,T3,single_fault,case book: fault cause established per transformer (inspection/repair record),110.93,121.42,1.1,116.54,32.05,88.59,276.56,True,,True,True
NC-0775,NCEPR,NC-C149,,凤凰变电站750kV,高温过热,T3,single_fault,case book: fault cause established per transformer (inspection/repair record),132.56,174.35,0.89,174.84,53.56,92.33,362.01,True,,True,True
NC-0776,NCEPR,NC-C149,,凤凰变电站750kV,高温过热,T3,single_fault,case book: fault cause established per transformer (inspection/repair record),142.76,181.5,0.97,178.05,53.61,93.16,284.7,True,,True,True
NC-0777,NCEPR,NC-C149,,凤凰变电站750kV,高温过热,T3,single_fault,case book: fault cause established per transformer (inspection/repair record),118.81,167.54,0.93,171.8,52.43,86.07,379.5,True,,True,True
NC-0778,NCEPR,NC-C149,,凤凰变电站750kV,高温过热,T3,single_fault,case book: fault cause established per transformer (inspection/repair record),79.21,68.125,0.405,58.69,20.31,115.2,288.6,True,,False,False
NC-0779,NCEPR,NC-C149,,凤凰变电站750kV,高温过热,T3,single_fault,case book: fault cause established per transformer (inspection/repair record),141.32,173.95,0.9,171.15,52.1,91.95,323.62,True,,True,True
NC-0780,NCEPR,NC-C149,,凤凰变电站750kV,高温过热,T3,single_fault,case book: fault cause established per transformer (inspection/repair record),126.33,185.74,0.84,168.69,50.97,90.12,248.34,True,,True,True
NC-0781,NCEPR,NC-C149,,凤凰变电站750kV,高温过热,T3,single_fault,case book: fault cause established per transformer (inspection/repair record),133.98,172.5,0.88,173.28,52.77,90.82,331.07,True,,True,True
NC-0782,NCEPR,NC-C149,,凤凰变电站750kV,高温过热,T3,single_fault,case book: fault cause established per transformer (inspection/repair record),122.01,155.69,0.88,165.38,50.84,79.45,241.11,True,,True,True
NC-0783,NCEPR,NC-C150,,寨里变电站110kV,低温过热，轻微过热，过热注意区,T1,single_fault,case book: fault cause established per transformer (inspection/repair record),51.56,11.56,0.0,2.89,2.12,655.45,1524.18,True,,False,False
NC-0784,NCEPR,NC-C150,,寨里变电站110kV,低温过热，轻微过热，过热注意区,T1,single_fault,case book: fault cause established per transformer (inspection/repair record),75.59,12.78,0.0,3.61,3.15,856.4,1810.13,True,,False,False
NC-0785,NCEPR,NC-C150,,寨里变电站110kV,低温过热，轻微过热，过热注意区,T1,single_fault,case book: fault cause established per transformer (inspection/repair record),66.82,10.83,0.0,2.79,2.29,715.6,1804.88,True,,False,False
NC-0786,NCEPR,NC-C151,,翟镇变电站220kV,低温过热，轻微过热，过热注意区,T1,single_fault,case book: fault cause established per transformer (inspection/repair record),47.0,7.0,0.0,0.55,1.2,456.0,782.0,True,,False,False
NE-0001,NE Grid,NE-C001,2017.06.08,丁X站110kV,电弧放电,D2,single_fault,utility record: fault cause established per transformer,260.0,61.0,140.0,73.0,5.9,130.0,1400.0,True,,True,True
NE-0002,NE Grid,NE-C002,2017.11.11,上X站110kV,电弧放电,D2,single_fault,utility record: fault cause established per transformer,20.9,10.3,33.0,17.9,3.8,415.3,919.4,True,,True,True
NE-0003,NE Grid,NE-C003,2017.12.18,房X站500kV,电弧放电,D2,single_fault,utility record: fault cause established per transformer,175.8,96.42,1.77,0.0,8.88,871.35,9329.91,True,,True,True
NE-0004,NE Grid,NE-C003,2017.12.18,房X站500kV,电弧放电,D2,single_fault,utility record: fault cause established per transformer,80.7,49.5,33.2,39.0,8.4,1222.9,10929.9,True,,True,True
NE-0005,NE Grid,NE-C004,2018.08.05,曹XX站220kV,低能放电,D1,single_fault,utility record: fault cause established per transformer,4300.0,204.3,4.0,2.1,36.7,526.6,3366.1,True,,True,True
NE-0006,NE Grid,NE-C004,2018.08.14,曹XX站220kV,低能放电,D1,single_fault,utility record: fault cause established per transformer,997.44,139.33,3.6,1.56,37.76,226.42,2866.59,True,,True,True
NE-0007,NE Grid,NE-C004,2018.08.20,曹XX站220kV,低能放电,D1,single_fault,utility record: fault cause established per transformer,815.7,106.75,2.77,1.32,32.82,201.53,3113.92,True,,True,True
NE-0008,NE Grid,NE-C005,2016.12.28,舜X变500kV,过热,T3,single_fault,utility record: fault cause established per transformer; thermal sub-class by IEC C2H4/C2H6 ratio,4.85,2.62,0.0,3.52,0.78,4.26,96.8,True,,False,False
NE-0009,NE Grid,NE-C005,2016.12.30,舜X变500kV,过热,T3,single_fault,utility record: fault cause established per transformer; thermal sub-class by IEC C2H4/C2H6 ratio,20.19,23.71,0.0,31.12,2.03,6.31,116.22,True,,False,False
NE-0010,NE Grid,NE-C005,2017.01.01,舜X变500kV,过热,T3,single_fault,utility record: fault cause established per transformer; thermal sub-class by IEC C2H4/C2H6 ratio,38.69,45.11,0.0,53.1,5.16,7.21,126.52,True,,False,False
NE-0011,NE Grid,NE-C005,2017.01.03,舜X变500kV,过热,T3,single_fault,utility record: fault cause established per transformer; thermal sub-class by IEC C2H4/C2H6 ratio,69.17,79.08,0.0,87.13,12.14,11.27,179.17,True,,True,True
NE-0012,NE Grid,NE-C005,2017.01.04,舜X变500kV,过热,T3,single_fault,utility record: fault cause established per transformer; thermal sub-class by IEC C2H4/C2H6 ratio,81.95,107.31,1.27,118.77,18.89,8.33,125.75,True,,True,True
NE-0013,NE Grid,NE-C005,"2017.01.04
16:.30",舜X变500kV,过热,T3,single_fault,utility record: fault cause established per transformer; thermal sub-class by IEC C2H4/C2H6 ratio,82.87,112.85,1.21,127.6,17.65,6.98,69.15,True,,True,True
NE-0014,NE Grid,NE-C005,"2017.01.04
22.10",舜X变500kV,过热,T3,single_fault,utility record: fault cause established per transformer; thermal sub-class by IEC C2H4/C2H6 ratio,78.42,115.86,1.37,127.6,23.31,3.96,183.13,True,,True,True
NE-0015,NE Grid,NE-C005,"2017.01.05
0.50",舜X变500kV,过热,T3,single_fault,utility record: fault cause established per transformer; thermal sub-class by IEC C2H4/C2H6 ratio,78.6,127.11,1.44,143.33,26.45,4.06,143.63,True,,True,True
NE-0016,NE Grid,NE-C005,"2017.01.05
6.20",舜X变500kV,过热,T3,single_fault,utility record: fault cause established per transformer; thermal sub-class by IEC C2H4/C2H6 ratio,89.96,130.01,1.61,147.64,28.45,4.44,159.09,True,,True,True
NE-0017,NE Grid,NE-C005,"2017.01.05
9.40",舜X变500kV,过热,T3,single_fault,utility record: fault cause established per transformer; thermal sub-class by IEC C2H4/C2H6 ratio,108.69,162.15,1.89,180.95,32.76,5.74,178.23,True,,True,True
NE-0018,NE Grid,NE-C006,2017.10.25,镇X变110kV,高温过热,T3,single_fault,utility record: fault cause established per transformer,445.01,370.84,6.12,731.43,77.65,201.71,1319.28,True,,True,True
NE-0019,NE Grid,NE-C006,2017.11.01,镇X变110kV,高温过热,T3,single_fault,utility record: fault cause established per transformer,420.07,352.89,5.35,691.67,75.22,188.94,1231.57,True,,True,True
NE-0020,NE Grid,NE-C006,"2017.11.01
复测",镇X变110kV,高温过热,T3,single_fault,utility record: fault cause established per transformer,427.98,378.61,6.02,748.52,79.56,197.62,1323.8,True,,True,True
NE-0021,NE Grid,NE-C007,2017.12.26,青XX站220kV,低能放电,D1,single_fault,utility record: fault cause established per transformer,264.57,3.29,3.92,5.08,0.34,39.51,717.02,True,,True,True
NE-0022,NE Grid,NE-C007,2018.01.03,青XX站220kV,低能放电,D1,single_fault,utility record: fault cause established per transformer,298.59,2.54,4.51,5.45,0.8,43.73,566.29,True,,True,True
NE-0023,NE Grid,NE-C007,2018.01.08,青XX站220kV,低能放电,D1,single_fault,utility record: fault cause established per transformer,332.53,3.39,4.78,6.03,0.45,44.35,807.29,True,,True,True
NE-0024,NE Grid,NE-C007,2018.01.21,青XX站220kV,低能放电,D1,single_fault,utility record: fault cause established per transformer,304.5,2.48,4.4,4.95,0.56,41.57,594.5,True,,True,True
NE-0025,NE Grid,NE-C007,2018.02.01,青XX站220kV,低能放电,D1,single_fault,utility record: fault cause established per transformer,320.78,3.37,7.41,5.82,0.37,41.68,714.46,True,,True,True
NE-0026,NE Grid,NE-C008,2016.08.20,奎X站220kV,电弧放电,D2,single_fault,utility record: fault cause established per transformer,161.09,47.73,41.88,34.37,5.59,719.71,4871.21,True,,True,True
NE-0028,NE Grid,NE-C010,2017.07.21,龙X站35kV,低能放电,D1,single_fault,utility record: fault cause established per transformer,283.17,185.9,728.24,339.18,24.9,84.75,1025.3,True,,True,True
NE-0029,NE Grid,NE-C011,2017.08.24,西X站750kV,高能电弧放电,D2,single_fault,utility record: fault cause established per transformer,158.07,117.03,348.77,174.34,30.14,106.73,508.04,True,,True,True
NE-0030,NE Grid,NE-C012,2016.06.25,永X站500kV,低能放电,D1,single_fault,utility record: fault cause established per transformer,459.94,156.3,543.63,180.21,35.62,1342.93,5945.9,True,,True,True
NE-0031,NE Grid,NE-C013,2017.01.26,三X站500kV,低温过热,T1,single_fault,utility record: fault cause established per transformer,15.101,98.727,0.0,10.025,167.841,326.518,2462.004,True,,True,True
NE-0032,NE Grid,NE-C013,2017.02.02,三X站500kV,低温过热,T1,single_fault,utility record: fault cause established per transformer,17.695,112.711,0.0,9.591,200.632,373.205,2728.36,True,,True,True
NE-0033,NE Grid,NE-C013,2017.02.08,三X站500kV,低温过热,T1,single_fault,utility record: fault cause established per transformer,18.267,109.824,0.0,9.398,193.794,371.877,2656.924,True,,True,True
NE-0034,NE Grid,NE-C013,2017.03.10,三X站500kV,低温过热,T1,single_fault,utility record: fault cause established per transformer,19.659,112.711,0.0,9.594,200.655,378.236,2848.36,True,,True,True
NE-0035,NE Grid,NE-C013,2017.03.23,三X站500kV,低温过热,T1,single_fault,utility record: fault cause established per transformer,17.39,107.14,0.0,11.38,185.42,381.21,2745.9,True,,True,True
NE-0036,NE Grid,NE-C014,2017.12.13,广X站500kV,过热,T3,single_fault,utility record: fault cause established per transformer; thermal sub-class by IEC C2H4/C2H6 ratio,45.529,12.478,0.317,16.207,3.138,83.465,505.873,True,,False,False
NE-0037,NE Grid,NE-C014,2017.12.26,广X站500kV,过热,T3,single_fault,utility record: fault cause established per transformer; thermal sub-class by IEC C2H4/C2H6 ratio,56.214,27.974,0.488,38.935,7.188,99.13,409.244,True,,False,False
NE-0038,NE Grid,NE-C014,2018.01.05,广X站500kV,过热,T3,single_fault,utility record: fault cause established per transformer; thermal sub-class by IEC C2H4/C2H6 ratio,52.936,40.275,0.52,54.999,10.349,84.87,411.656,True,,False,False
NE-0039,NE Grid,NE-C014,2018.01.08,广X站500kV,过热,T3,single_fault,utility record: fault cause established per transformer; thermal sub-class by IEC C2H4/C2H6 ratio,56.521,38.499,0.543,59.353,11.652,87.939,406.554,True,,False,False
NE-0040,NE Grid,NE-C014,2018.01.11,广X站500kV,过热,T3,single_fault,utility record: fault cause established per transformer; thermal sub-class by IEC C2H4/C2H6 ratio,62.873,49.333,0.617,73.657,14.387,90.408,413.042,True,,False,False
NE-0041,NE Grid,NE-C015,2017.11.124,霍X站110kV,过热,T1,single_fault,utility record: fault cause established per transformer; thermal sub-class by IEC C2H4/C2H6 ratio,270.0,60.5,34.3,83.3,204.5,75.0,5275.0,True,,True,True
NE-0042,NE Grid,NE-C016,2018.04.17,安X变电站500kV,局部放电,PD,single_fault,utility record: fault cause established per transformer,12145.2,770.4,2.7,2.9,444.9,34.3,137.1,True,,True,True
NE-0043,NE Grid,NE-C017,2016.09.28,祁X变电站220kV,过热,T1,single_fault,utility record: fault cause established per transformer; thermal sub-class by IEC C2H4/C2H6 ratio,49616.2,3331.85,1.89,14.89,181.25,1269.8,3078.79,True,,True,True
NE-0044,NE Grid,NE-C017,2016.11.20,祁X变电站220kV,过热,T1,single_fault,utility record: fault cause established per transformer; thermal sub-class by IEC C2H4/C2H6 ratio,50836.6,3494.85,1.84,14.01,182.44,1200.14,3011.24,True,,True,True
NE-0045,NE Grid,NE-C018,2018.03.22,延X站220kV,低能放电,D1,single_fault,utility record: fault cause established per transformer,153.14,8.74,7.49,2.2,0.65,304.21,180.09,True,,True,True
NE-0046,NE Grid,NE-C019,2018.09.05,中X站330kV,低能放电,D1,single_fault,utility record: fault cause established per transformer,23924.3,916.07,1.09,0.9,274.93,22.65,0.0,True,,True,True
NE-0047,NE Grid,NE-C019,2018.09.13,中X站330kV,低能放电,D1,single_fault,utility record: fault cause established per transformer,9722.55,1978.75,0.46,0.75,242.77,5.78,228.75,True,,True,True
NE-0048,NE Grid,NE-C020,,东丰500kV,高能放电，放电故障，电弧放电,D2,duplicate,utility record: fault cause established per transformer,13.0,7.9,0.0,0.78,0.66,298.0,1363.0,True,NC-0026,False,False
NE-0050,NE Grid,NE-C022,,彭祖站500kV,高温过热,T3,duplicate,utility record: fault cause established per transformer,39.18,18.23,0.0,6.62,22.04,210.69,875.24,True,NC-0436,False,False
NE-0051,NE Grid,NE-C023,,南关岭站500kV,中温过热,T2,duplicate,utility record: fault cause established per transformer,4.4,45.8,0.0,67.8,42.1,123.8,1134.9,True,NC-0449,True,True
NE-0052,NE Grid,NE-C024,,沂蒙站500kV,低能放电,D1,duplicate,utility record: fault cause established per transformer,441.37,28.46,0.0,0.44,3.25,207.83,431.86,True,NC-0467,True,True
NE-0053,NE Grid,NE-C025,,黄渡站500kV,低能放电,D1,duplicate,utility record: fault cause established per transformer,4.0,7.6,0.0,2.1,0.4,570.0,1257.0,True,NC-0534,False,False
NE-0054,NE Grid,NE-C026,,顾路站500kV,高温过热,T3,duplicate,utility record: fault cause established per transformer,20.0,41.2,0.1,43.0,11.2,307.0,847.0,True,NC-0640,False,False
NE-0055,NE Grid,NE-C027,,石牌变 500kV,高温过热,T3,duplicate,utility record: fault cause established per transformer,175.0,390.2,0.0,303.3,170.6,864.2,75.0,True,NC-0680,True,True
NE-0056,NE Grid,NE-C028,,北郊330kV,高能放电，放电故障，电弧放电,D2,duplicate,utility record: fault cause established per transformer,72.0,31.0,56.1,57.7,3.8,558.0,2479.0,True,NC-0009,True,True
NE-0057,NE Grid,NE-C029,,炳灵330kV,高能放电，放电故障，电弧放电,D2,duplicate,utility record: fault cause established per transformer,31.0,43.0,0.0,11.0,0.0,255.0,255.0,True,NC-0061,False,False
NE-0058,NE Grid,NE-C030,,南郊330kV,高能放电，放电故障，电弧放电,D2,duplicate,utility record: fault cause established per transformer,10.0,11.6,0.0,4.9,2.5,61.0,370.0,True,NC-0084,False,False
NE-0059,NE Grid,NE-C031,,桃曲330kV,高能放电，放电故障，电弧放电,D2,duplicate,utility record: fault cause established per transformer,4.74,34.32,0.0,8.16,5.53,1360.96,6770.8,True,NC-0552,False,False
NE-0060,NE Grid,NE-C032,,马营330kV,高能放电，放电故障，电弧放电,D2,duplicate,utility record: fault cause established per transformer,416.9,105.4,257.0,259.7,14.3,1051.7,7351.7,True,NC-0588,True,True
NE-0061,NE Grid,NE-C033,,黄家寨330kV,高能放电，放电故障，电弧放电,D2,duplicate,utility record: fault cause established per transformer,15.31,9.11,0.0,4.41,1.29,55.38,930.22,True,NC-0662,False,False
NE-0062,NE Grid,NE-C034,,武胜变750kV,高能放电，放电故障，电弧放电,D2,duplicate,utility record: fault cause established per transformer,0.0,0.56,0.0,0.0,0.0,10.23,246.32,True,NC-0021,False,False
NE-0063,NE Grid,NE-C035,,麦积山变电站750kV,高能放电，放电故障，电弧放电,D2,duplicate,utility record: fault cause established per transformer,1246.27,333.91,447.1,165.25,4.79,852.61,141.87,True,NC-0064,True,True
NE-0064,NE Grid,NE-C036,,乌北变电站750kV,高能放电，放电故障，电弧放电,D2,duplicate,utility record: fault cause established per transformer,154.0,36.9,67.7,29.6,1.39,99.0,224.0,True,NC-0430,True,True
NE-0065,NE Grid,NE-C037,,西宁变电站750kV,高能放电，放电故障，电弧放电,D2,duplicate,utility record: fault cause established per transformer,622.3,163.1,33.5,181.7,447.9,294.2,217.7,True,NC-0438,True,True
NE-0066,NE Grid,NE-C037,,西宁变电站750kV,高能放电，放电故障，电弧放电,D2,single_fault,utility record: fault cause established per transformer,,,,,,,,True,,False,False
FJ-0001,Fujian,FJ-C001,2010.06.23,某某35kV #2所用变,中温过热，吊芯检查底部锈蚀严重,T2,single_fault,utility record; hanging-core inspection,1233.0,85.6,0.7,0.7,29.5,67.3,797.0,True,,True,True
FJ-0002,Fujian,FJ-C001,2010.09.15,某某35kV #2所用变,中温过热，吊芯检查底部锈蚀严重,T2,single_fault,utility record; hanging-core inspection,1231.0,81.9,1.0,1.8,65.0,76.6,964.0,True,,True,True
FJ-0003,Fujian,FJ-C001,2010.11.09,某某35kV #2所用变,中温过热，吊芯检查底部锈蚀严重,T2,single_fault,utility record; hanging-core inspection,1331.0,88.1,0.8,1.3,36.9,70.3,1016.0,True,,True,True
FJ-0004,Fujian,FJ-C001,2011.01.26,某某35kV #2所用变,中温过热，吊芯检查底部锈蚀严重,T2,single_fault,utility record; hanging-core inspection,1487.0,94.2,0.5,0.8,39.7,42.9,693.0,True,,True,True
FJ-0005,Fujian,FJ-C001,2011.02.16,某某35kV #2所用变,中温过热，吊芯检查底部锈蚀严重,T2,single_fault,utility record; hanging-core inspection,1755.0,110.8,0.6,1.0,44.7,41.9,752.0,True,,True,True
FJ-0006,Fujian,FJ-C001,2011.05.13,某某35kV #2所用变,中温过热，吊芯检查底部锈蚀严重,T2,single_fault,utility record; hanging-core inspection,1514.0,111.8,0.6,0.7,52.9,30.0,808.0,True,,True,True
FJ-0007,Fujian,FJ-C002,2020.6.25,某某1000千伏C相高抗,存在异物导致放电,D?,other,utility record: discharge of unspecified energy,3.77,2.78,1.36,0.1,1.1,8.23,166.97,True,,False,False
FJ-0008,Fujian,FJ-C002,2020.7.12,某某1000千伏C相高抗,存在异物导致放电,D?,other,utility record: discharge of unspecified energy,5.21,1.31,1.2,0.0,0.89,20.92,200.45,True,,False,False
FJ-0009,Fujian,FJ-C002,2020.9.10,某某1000千伏C相高抗,存在异物导致放电,D?,other,utility record: discharge of unspecified energy,4.6,2.64,0.73,0.0,1.21,47.76,370.54,True,,False,False
FJ-0010,Fujian,FJ-C002,2020.10.5,某某1000千伏C相高抗,存在异物导致放电,D?,other,utility record: discharge of unspecified energy,21.68,7.34,9.6,7.98,1.71,48.81,341.11,True,,True,True
FJ-0011,Fujian,FJ-C003,2016.09.28,某某换流站极1B相,胶囊破裂，含气量偏高，后对胶囊进行更换并滤油后正常,ABNORMAL,abnormal_no_fault,"utility record: abnormal gas level, no diagnosed fault",3.96,1.61,0.0,0.0,0.0,100.57,317.59,True,,False,False
FJ-0012,Fujian,FJ-C003,2016.08.25,某某换流站极1B相,胶囊破裂，含气量偏高，后对胶囊进行更换并滤油后正常,ABNORMAL,abnormal_no_fault,"utility record: abnormal gas level, no diagnosed fault",4.39,1.28,0.0,0.0,0.0,78.92,238.71,True,,False,False
FJ-0013,Fujian,FJ-C003,2016.07.28,某某换流站极1B相,胶囊破裂，含气量偏高，后对胶囊进行更换并滤油后正常,ABNORMAL,abnormal_no_fault,"utility record: abnormal gas level, no diagnosed fault",3.9,1.48,0.0,0.0,0.0,112.78,350.64,True,,False,False
FJ-0014,Fujian,FJ-C004,2012.3.5,某某110kV变压器,"总烃以甲烷、乙烯为主，三比值编码均为0，2，2，判断内部存在高于700 ℃的高温过热故障,解体检查发现为套管引线接头和将军帽内壁对应位置出现过热",T3,single_fault,utility record; disassembly inspection,7.9,60.0,0.0,85.0,24.0,,,True,,True,True
FJ-0015,Fujian,FJ-C004,2013.1.15,某某110kV变压器,"总烃以甲烷、乙烯为主，三比值编码均为0，2，2，判断内部存在高于700 ℃的高温过热故障,解体检查发现为套管引线接头和将军帽内壁对应位置出现过热",T3,single_fault,utility record; disassembly inspection,10.0,58.0,0.0,74.0,27.0,,,True,,True,True
FJ-0016,Fujian,FJ-C004,2013.3.6,某某110kV变压器,"总烃以甲烷、乙烯为主，三比值编码均为0，2，2，判断内部存在高于700 ℃的高温过热故障,解体检查发现为套管引线接头和将军帽内壁对应位置出现过热",T3,single_fault,utility record; disassembly inspection,15.0,62.0,0.0,78.0,27.0,,,True,,True,True
FJ-0017,Fujian,FJ-C004,2013.4.17,某某110kV变压器,"总烃以甲烷、乙烯为主，三比值编码均为0，2，2，判断内部存在高于700 ℃的高温过热故障,解体检查发现为套管引线接头和将军帽内壁对应位置出现过热",T3,single_fault,utility record; disassembly inspection,7.0,63.0,0.0,78.0,24.0,,,True,,True,True
FJ-0018,Fujian,FJ-C004,2013.5.16,某某110kV变压器,"总烃以甲烷、乙烯为主，三比值编码均为0，2，2，判断内部存在高于700 ℃的高温过热故障,解体检查发现为套管引线接头和将军帽内壁对应位置出现过热",T3,single_fault,utility record; disassembly inspection,12.0,65.0,0.0,80.0,22.0,,,True,,True,True
FJ-0019,Fujian,FJ-C004,2013.6.22,某某110kV变压器,"总烃以甲烷、乙烯为主，三比值编码均为0，2，2，判断内部存在高于700 ℃的高温过热故障,解体检查发现为套管引线接头和将军帽内壁对应位置出现过热",T3,single_fault,utility record; disassembly inspection,8.9,60.0,0.0,73.0,20.0,,,True,,True,True
FJ-0020,Fujian,FJ-C004,2013.7.18,某某110kV变压器,"总烃以甲烷、乙烯为主，三比值编码均为0，2，2，判断内部存在高于700 ℃的高温过热故障,解体检查发现为套管引线接头和将军帽内壁对应位置出现过热",T3,single_fault,utility record; disassembly inspection,5.0,48.0,0.0,67.0,25.0,,,True,,False,False
FJ-0021,Fujian,FJ-C004,2013.8.13,某某110kV变压器,"总烃以甲烷、乙烯为主，三比值编码均为0，2，2，判断内部存在高于700 ℃的高温过热故障,解体检查发现为套管引线接头和将军帽内壁对应位置出现过热",T3,single_fault,utility record; disassembly inspection,6.9,49.0,0.0,60.0,26.0,,,True,,False,False
FJ-0022,Fujian,FJ-C004,2013.9.22,某某110kV变压器,"总烃以甲烷、乙烯为主，三比值编码均为0，2，2，判断内部存在高于700 ℃的高温过热故障,解体检查发现为套管引线接头和将军帽内壁对应位置出现过热",T3,single_fault,utility record; disassembly inspection,7.5,78.8,0.0,57.5,19.3,,,True,,True,True
FJ-0023,Fujian,FJ-C005,2021.3.26,某某500kV变压器,总烃超标,ABNORMAL,abnormal_no_fault,"utility record: abnormal gas level, no diagnosed fault",10.7,47.28,0.0,1.18,118.36,158.84,2558.62,True,,True,True
FJ-0024,Fujian,FJ-C006,2021.2.24,某某500kV变压器,总烃超标,ABNORMAL,abnormal_no_fault,"utility record: abnormal gas level, no diagnosed fault",2.21,44.18,0.0,142.24,2.1,148.04,1322.16,True,,True,True
FJ-0025,Fujian,FJ-C007,2021.2.24,某某500kV变压器,总烃超标,ABNORMAL,abnormal_no_fault,"utility record: abnormal gas level, no diagnosed fault",5.84,53.43,0.0,117.22,3.02,175.06,2477.91,True,,True,True
FJ-0026,Fujian,FJ-C008,2021.4.1,某某500kV变压器,总烃超标,ABNORMAL,abnormal_no_fault,"utility record: abnormal gas level, no diagnosed fault",2.94,48.39,0.0,1.65,117.15,242.29,2247.55,True,,True,True
FJ-0027,Fujian,FJ-C009,2021.4.1,某某500kV变压器,总烃超标,ABNORMAL,abnormal_no_fault,"utility record: abnormal gas level, no diagnosed fault",2.52,49.01,0.0,1.76,114.52,249.53,2425.51,True,,True,True
FJ-0028,Fujian,FJ-C010,2021.3.23,某某500kV变压器,含有少量乙炔,ABNORMAL,abnormal_no_fault,"utility record: abnormal gas level, no diagnosed fault",15.0,7.6,0.7,4.2,0.8,309.0,658.0,True,,False,False
FJ-0029,Fujian,FJ-C011,2021.3.23,某某500kV变压器,含有少量乙炔,ABNORMAL,abnormal_no_fault,"utility record: abnormal gas level, no diagnosed fault",17.0,7.1,0.6,3.7,0.7,294.0,873.0,True,,False,False
FJ-0030,Fujian,FJ-C012,2021.3.23,某某500kV变压器,含有少量乙炔,ABNORMAL,abnormal_no_fault,"utility record: abnormal gas level, no diagnosed fault",9.7,6.2,0.3,2.4,0.6,297.0,859.0,True,,False,False
FJ-0031,Fujian,FJ-C013,2021.3.29,某某500kV变压器,含有少量乙炔,ABNORMAL,abnormal_no_fault,"utility record: abnormal gas level, no diagnosed fault",10.0,20.0,0.9,11.0,5.5,456.0,1874.0,True,,False,False
FJ-0032,Fujian,FJ-C014,2021.3.24,某某500kV变压器,含有少量乙炔,ABNORMAL,abnormal_no_fault,"utility record: abnormal gas level, no diagnosed fault",5.9,3.4,0.5,0.8,0.8,193.1,638.1,True,,False,False
FJ-0033,Fujian,FJ-C015,2021.2.24,某某500kV变压器,含有少量乙炔,ABNORMAL,abnormal_no_fault,"utility record: abnormal gas level, no diagnosed fault",13.04,6.93,0.4,1.57,0.83,528.98,1593.6,True,,False,False
FJ-0034,Fujian,FJ-C016,2021.3.5,某某500kV变压器,含气量超标（对比历史数据无明显增大）,ABNORMAL,abnormal_no_fault,"utility record: abnormal gas level, no diagnosed fault",20.91,13.08,0.0,1.87,2.79,471.0,2313.19,True,,False,False
FJ-0035,Fujian,FJ-C017,2021.3.5,某某500kV变压器,含气量超标（对比历史数据无明显增大）,ABNORMAL,abnormal_no_fault,"utility record: abnormal gas level, no diagnosed fault",62.1,10.61,0.0,2.67,3.73,425.4,2487.88,True,,False,False
FJ-0036,Fujian,FJ-C018,2021.3.5,某某500kV变压器,含气量超标（对比历史数据无明显增大）,ABNORMAL,abnormal_no_fault,"utility record: abnormal gas level, no diagnosed fault",61.74,12.51,0.0,2.65,3.54,418.41,2163.0,True,,False,False
FJ-0037,Fujian,FJ-C019,2021.3.5,某某500kV变压器,含气量超标（对比历史数据无明显增大）,ABNORMAL,abnormal_no_fault,"utility record: abnormal gas level, no diagnosed fault",8.94,5.8,0.0,0.85,1.75,592.48,1517.61,True,,False,False
FJ-0038,Fujian,FJ-C020,2021.3.9,某某500kV变压器,含有少量乙炔（对比历史数据无明显增大，标准：乙炔≤5μL/L）,ABNORMAL,abnormal_no_fault,"utility record: abnormal gas level, no diagnosed fault",15.21,8.9,0.47,1.35,2.8,512.52,1380.08,True,,False,False
FJ-0039,Fujian,FJ-C021,2020.12.17,某某500kV变压器,含气量超标,ABNORMAL,abnormal_no_fault,"utility record: abnormal gas level, no diagnosed fault",27.0,11.0,0.0,1.1,1.6,768.0,2012.0,True,,False,False
FJ-0040,Fujian,FJ-C022,2020.09.15,某某500kV变压器,含气量超标,ABNORMAL,abnormal_no_fault,"utility record: abnormal gas level, no diagnosed fault",49.0,12.0,0.0,2.9,1.6,590.0,1400.0,True,,False,False
FJ-0041,Fujian,FJ-C023,2020.12.17,某某500kV变压器,含气量超标,ABNORMAL,abnormal_no_fault,"utility record: abnormal gas level, no diagnosed fault",6.1,9.5,0.0,6.3,1.7,576.0,3729.0,True,,False,False
FJ-0042,Fujian,FJ-C024,2020.12.09,某某500kV变压器,含气量超标,ABNORMAL,abnormal_no_fault,"utility record: abnormal gas level, no diagnosed fault",26.0,9.2,0.0,0.6,1.8,633.0,2468.0,True,,False,False
FJ-0043,Fujian,FJ-C025,2021.3.11,某某500kV变压器,含气量超标,ABNORMAL,abnormal_no_fault,"utility record: abnormal gas level, no diagnosed fault",9.5,11.0,0.0,0.5,1.2,973.0,2330.0,True,,False,False
FJ-0044,Fujian,FJ-C026,2020.08.27,某某500kV变压器,含气量超标,ABNORMAL,abnormal_no_fault,"utility record: abnormal gas level, no diagnosed fault",9.7,11.0,0.0,0.0,3.3,587.0,1429.0,True,,False,False
FJ-0045,Fujian,FJ-C027,2020.11.26,某某500kV变压器,油中CO含量较高，含气量超标,ABNORMAL,abnormal_no_fault,"utility record: abnormal gas level, no diagnosed fault",2.7,33.0,0.0,5.8,9.8,1207.0,5555.0,True,,False,False
FJ-0046,Fujian,FJ-C028,2020.11.26,某某500kV变压器,油中CO含量较高，含气量超标,ABNORMAL,abnormal_no_fault,"utility record: abnormal gas level, no diagnosed fault",3.8,35.0,0.0,6.6,11.0,1352.0,5492.0,True,,False,False
FJ-0047,Fujian,FJ-C029,2020.11.26,某某500kV变压器,油中CO含量较高，含气量超标,ABNORMAL,abnormal_no_fault,"utility record: abnormal gas level, no diagnosed fault",2.7,36.0,0.0,5.9,9.2,1259.0,5764.0,True,,False,False
FJ-0048,Fujian,FJ-C030,2020.11.26,某某500kV变压器,油中CO含量较高，含气量超标,ABNORMAL,abnormal_no_fault,"utility record: abnormal gas level, no diagnosed fault",1.8,35.0,0.0,2.5,7.3,1468.0,7221.0,True,,False,False
FJ-0049,Fujian,FJ-C031,2020.11.26,某某500kV变压器,油中CO含量较高，含气量超标,ABNORMAL,abnormal_no_fault,"utility record: abnormal gas level, no diagnosed fault",2.2,34.0,0.0,2.5,7.9,1771.0,7849.0,True,,False,False
FJ-0050,Fujian,FJ-C032,2020.11.26,某某500kV变压器,油中CO含量较高，含气量超标,ABNORMAL,abnormal_no_fault,"utility record: abnormal gas level, no diagnosed fault",1.3,32.0,0.0,1.8,6.3,1208.0,6695.0,True,,False,False
FJ-0051,Fujian,FJ-C033,2021.3.11,某某500kV变压器,油中含有微量乙炔，总烃含量超标,ABNORMAL,abnormal_no_fault,"utility record: abnormal gas level, no diagnosed fault",13.0,138.0,0.29,5.0,41.0,674.0,2797.0,True,,True,True
FJ-0052,Fujian,FJ-C034,2021.3.11,某某500kV变压器,含有微量乙炔,ABNORMAL,abnormal_no_fault,"utility record: abnormal gas level, no diagnosed fault",3.2,25.0,0.8,4.0,2.4,638.0,2477.0,True,,False,False
FJ-0053,Fujian,FJ-C035,2021.2.26,某某500kV变压器,含有微量乙炔,ABNORMAL,abnormal_no_fault,"utility record: abnormal gas level, no diagnosed fault",5.1,2.2,0.34,4.2,0.6,95.0,933.0,True,,False,False
FJ-0054,Fujian,FJ-C036,2021.2.26,某某500kV变压器,含有微量乙炔,ABNORMAL,abnormal_no_fault,"utility record: abnormal gas level, no diagnosed fault",13.0,9.8,3.13,2.4,1.0,263.0,1681.0,True,,False,False
FJ-0055,Fujian,FJ-C037,2019.4.25,某某500kV变压器,微水超标  22mg/L                                       ,ABNORMAL,abnormal_no_fault,"utility record: abnormal gas level, no diagnosed fault",50.0,20.0,0.0,40.0,11.0,411.0,4042.0,True,,False,False
FJ-0056,Fujian,FJ-C038,2019.4.25,某某500kV变压器,微水超标  18mg/L                                       ,ABNORMAL,abnormal_no_fault,"utility record: abnormal gas level, no diagnosed fault",67.0,20.0,0.0,178.0,6.9,723.0,4883.0,True,,True,True
FJ-0057,Fujian,FJ-C039,2019.4.25,某某500kV变压器,微水超标  16mg/L                                      ,ABNORMAL,abnormal_no_fault,"utility record: abnormal gas level, no diagnosed fault",61.0,18.0,0.0,39.0,10.0,414.0,3634.0,True,,False,False
FJ-0058,Fujian,FJ-C040,2021.01.18,某某500kV变压器,含有微量乙炔,ABNORMAL,abnormal_no_fault,"utility record: abnormal gas level, no diagnosed fault",12.0,3.2,0.15,1.6,1.2,90.0,339.0,True,,False,False
FJ-0059,Fujian,FJ-C041,2021.01.18,某某500kV变压器,含有微量乙炔,ABNORMAL,abnormal_no_fault,"utility record: abnormal gas level, no diagnosed fault",24.0,2.8,0.24,1.6,0.7,86.0,382.0,True,,False,False
FJ-0060,Fujian,FJ-C042,2021.01.13,某某500kV变压器,含有微量乙炔,ABNORMAL,abnormal_no_fault,"utility record: abnormal gas level, no diagnosed fault",9.7,2.5,0.12,1.4,0.9,78.0,336.0,True,,False,False
FJ-0061,Fujian,FJ-C043,2021.06.10,某某500kV变压器,氢气含量和总烃含量超标,ABNORMAL,abnormal_no_fault,"utility record: abnormal gas level, no diagnosed fault",285.31,195.7,0.0,2.57,121.0,452.54,2639.37,True,,True,True
FJ-0062,Fujian,FJ-C044,44356,某某500kV变压器,含有少量乙炔,ABNORMAL,abnormal_no_fault,"utility record: abnormal gas level, no diagnosed fault",2.03,27.35,0.24,27.64,6.19,397.94,3043.08,True,,False,False
FJ-0063,Fujian,FJ-C045,44281,某某500kV变压器,氢气、总烃超标，含有少量乙炔,ABNORMAL,abnormal_no_fault,"utility record: abnormal gas level, no diagnosed fault",1198.4,215.0,0.14,3.24,53.63,158.3,1741.32,True,,True,True
FJ-0064,Fujian,FJ-C046,2021.2.22,某某500kV变压器,含气量超标,ABNORMAL,abnormal_no_fault,"utility record: abnormal gas level, no diagnosed fault",4.08,9.1,0.0,2.23,1.77,914.33,2785.62,True,,False,False
FJ-0065,Fujian,FJ-C047,2021-02-22 00:00:00,某某500kV变压器,含气量超标,ABNORMAL,abnormal_no_fault,"utility record: abnormal gas level, no diagnosed fault",4.1,8.58,0.0,1.71,1.36,835.53,2599.78,True,,False,False
FJ-0066,Fujian,FJ-C048,2021-02-22 00:00:00,某某500kV变压器,含气量超标,ABNORMAL,abnormal_no_fault,"utility record: abnormal gas level, no diagnosed fault",8.3,11.6,0.0,0.63,2.08,1275.81,2727.68,True,,False,False
FJ-0067,Fujian,FJ-C049,2021-02-24 00:00:00,某某500kV变压器,含气量超标,ABNORMAL,abnormal_no_fault,"utility record: abnormal gas level, no diagnosed fault",7.62,10.28,0.0,0.68,1.99,838.19,2163.16,True,,False,False
FJ-0068,Fujian,FJ-C050,2021-02-24 00:00:00,某某500kV变压器,含气量超标,ABNORMAL,abnormal_no_fault,"utility record: abnormal gas level, no diagnosed fault",10.03,14.41,0.0,0.71,2.94,1186.96,3047.77,True,,False,False
FJ-0069,Fujian,FJ-C051,2021-02-24 00:00:00,某某500kV变压器,含气量超标,ABNORMAL,abnormal_no_fault,"utility record: abnormal gas level, no diagnosed fault",25.62,4.11,0.0,0.39,0.48,251.29,831.38,True,,False,False
FJ-0070,Fujian,FJ-C052,2021-02-24 00:00:00,某某500kV变压器,含气量超标,ABNORMAL,abnormal_no_fault,"utility record: abnormal gas level, no diagnosed fault",8.16,4.94,0.0,1.28,0.67,194.14,1004.61,True,,False,False
FJ-0071,Fujian,FJ-C053,2021-02-24 00:00:00,某某500kV变压器,含气量超标,ABNORMAL,abnormal_no_fault,"utility record: abnormal gas level, no diagnosed fault",22.15,6.69,0.0,0.45,0.7,487.05,1242.42,True,,False,False
FJ-0072,Fujian,FJ-C054,2021-02-24 00:00:00,某某500kV变压器,含气量超标,ABNORMAL,abnormal_no_fault,"utility record: abnormal gas level, no diagnosed fault",0.93,15.37,0.0,0.52,9.34,521.58,2304.69,True,,False,False
FJ-0073,Fujian,FJ-C055,2021-02-24 00:00:00,某某500kV变压器,含气量超标,ABNORMAL,abnormal_no_fault,"utility record: abnormal gas level, no diagnosed fault",1.52,15.67,0.0,0.52,9.36,599.25,2322.1,True,,False,False
FJ-0074,Fujian,FJ-C056,44358,某某500kV变压器,含气量超标,ABNORMAL,abnormal_no_fault,"utility record: abnormal gas level, no diagnosed fault",5.5,34.4,0.0,2.7,9.4,443.9,3695.4,True,,False,False
FJ-0075,Fujian,FJ-C057,44358,某某500kV变压器,含气量超标,ABNORMAL,abnormal_no_fault,"utility record: abnormal gas level, no diagnosed fault",13.7,20.8,0.0,2.5,1.8,896.8,2505.6,True,,False,False
FJ-0076,Fujian,FJ-C058,44358,某某500kV变压器,含气量超标,ABNORMAL,abnormal_no_fault,"utility record: abnormal gas level, no diagnosed fault",15.8,22.6,0.0,2.2,2.1,1360.6,3523.6,True,,False,False
FJ-0077,Fujian,FJ-C059,44358,某某500kV变压器,含气量超标,ABNORMAL,abnormal_no_fault,"utility record: abnormal gas level, no diagnosed fault",13.5,22.8,0.0,3.0,1.9,918.7,2172.7,True,,False,False
FJ-0078,Fujian,FJ-C060,44358,某某500kV变压器,含气量超标,ABNORMAL,abnormal_no_fault,"utility record: abnormal gas level, no diagnosed fault",20.0,24.4,0.0,3.7,3.8,1456.7,3912.4,True,,False,False
FJ-0079,Fujian,FJ-C061,44358,某某500kV变压器,含气量超标,ABNORMAL,abnormal_no_fault,"utility record: abnormal gas level, no diagnosed fault",15.5,15.8,0.0,4.3,2.6,698.0,4111.9,True,,False,False
FJ-0080,Fujian,FJ-C062,44358,某某500kV变压器,含气量超标,ABNORMAL,abnormal_no_fault,"utility record: abnormal gas level, no diagnosed fault",22.1,20.1,0.0,4.3,3.3,827.2,4143.1,True,,False,False
FJ-0081,Fujian,FJ-C063,44356,某某500kV变压器,含气量超标,ABNORMAL,abnormal_no_fault,"utility record: abnormal gas level, no diagnosed fault",6.9,8.4,0.0,0.6,1.8,629.8,1459.7,True,,False,False
FJ-0082,Fujian,FJ-C064,44356,某某500kV变压器,含气量超标,ABNORMAL,abnormal_no_fault,"utility record: abnormal gas level, no diagnosed fault",8.7,10.3,0.0,0.7,1.2,796.8,1640.9,True,,False,False
FJ-0083,Fujian,FJ-C065,44356,某某500kV变压器,含气量超标,ABNORMAL,abnormal_no_fault,"utility record: abnormal gas level, no diagnosed fault",7.6,9.9,0.0,0.4,1.1,721.6,1480.8,True,,False,False
FJ-0084,Fujian,FJ-C066,44358,某某500kV变压器,氢气超标,ABNORMAL,abnormal_no_fault,"utility record: abnormal gas level, no diagnosed fault",1093.0,111.0,0.0,1.1,31.6,143.0,1328.3,True,,True,True
FJ-0085,Fujian,FJ-C067,44358,某某500kV变压器,氢气超标,ABNORMAL,abnormal_no_fault,"utility record: abnormal gas level, no diagnosed fault",318.7,60.6,0.0,2.3,37.0,135.7,2299.9,True,,True,True
FJ-0086,Fujian,FJ-C068,44356,某某500kV变压器,少量乙炔,ABNORMAL,abnormal_no_fault,"utility record: abnormal gas level, no diagnosed fault",1.5,7.2,0.5,1.2,1.3,65.9,1641.5,True,,False,False
FJ-0087,Fujian,FJ-C069,2021.5.28,某某500kV变压器,首次出现乙炔，后跟踪未增长,ABNORMAL,abnormal_no_fault,"utility record: abnormal gas level, no diagnosed fault",5.8,4.0,0.71,2.4,2.3,153.1,1352.1,True,,False,False
FJ-0088,Fujian,FJ-C070,2021.3.24,某某500kV变压器,含气量超标,ABNORMAL,abnormal_no_fault,"utility record: abnormal gas level, no diagnosed fault",10.1,9.2,0.0,3.0,0.8,507.4,1959.6,True,,False,False
Duval2002-VII-D1,Published cases,Duval2002-VII-D1,,in service,Capacitive discharges on loose bolts,D1,single_fault,"Duval 2002, Table VII (Fallou et al. 1970): inspection (discharge); energy class by IEC C2H2/C2H4 ratio",400.0,40.0,200.0,60.0,6.0,200.0,1000.0,True,,True,True
Duval2002-VII-D2,Published cases,Duval2002-VII-D2,,in service,Arcing in oil and wet paper,D2,single_fault,"Duval 2002, Table VII (Dind et al. 1971): inspection (arcing)",2320.0,616.0,822.0,800.0,72.0,9.0,72.0,True,,True,True
Duval2002-VII-D3,Published cases,Duval2002-VII-D3,,in service,Trace of overflashing between coils,D1,single_fault,"Duval 2002, Table VII (Sokolov 2001): inspection (discharge); energy class by IEC C2H2/C2H4 ratio",245.0,30.0,245.0,35.0,5.0,,,True,,True,True
Duval2002-VII-T1,Published cases,Duval2002-VII-T1,,in service,Circulating current in aluminum shields,T2,single_fault,"Duval 2002, Table VII (Fallou et al. 1970): inspection (thermal); sub-class by IEC C2H4/C2H6 ratio",200.0,700.0,,500.0,200.0,300.0,2000.0,True,,True,True
Duval2002-VII-T2,Published cases,Duval2002-VII-T2,,in service,Flux overheating,T3,single_fault,"Duval 2002, Table VII (Oommen et al. 1981): inspection (thermal); sub-class by IEC C2H4/C2H6 ratio",101.0,184.0,10.0,243.0,32.0,61.0,298.0,True,,True,True
Duval2002-VII-T3,Published cases,Duval2002-VII-T3,,in service,"Loose bolts, no visible damage",T1,single_fault,"Duval 2002, Table VII (Oommen et al. 1981): inspection (thermal); sub-class by IEC C2H4/C2H6 ratio",,57.0,,4.0,40.0,72.0,203.0,True,,False,True
Duval2002-VII-T4,Published cases,Duval2002-VII-T4,,in service,Hot spot in oil pump,T2,single_fault,"Duval 2002, Table VII (Oommen et al. 1981): inspection (thermal); sub-class by IEC C2H4/C2H6 ratio",81.0,70.0,,68.0,25.0,57.0,243.0,True,,True,True
Duval2002-VII-T5,Published cases,Duval2002-VII-T5,,in service,Overheating of leads,T2,single_fault,"Duval 2002, Table VII (Baker et al. 1981): inspection (thermal); sub-class by IEC C2H4/C2H6 ratio",30.0,200.0,8.0,308.0,114.0,219.0,1040.0,True,,True,True
Duval2002-VII-T6,Published cases,Duval2002-VII-T6,,in service,Overheating of leads,T2,single_fault,"Duval 2002, Table VII (Baker et al. 1981): inspection (thermal); sub-class by IEC C2H4/C2H6 ratio",465.0,3100.0,1.0,3360.0,1221.0,1530.0,8060.0,True,,True,True
Duval2002-VII-T7,Published cases,Duval2002-VII-T7,,in service,Overheating of bottom core cross bar,T3,single_fault,"Duval 2002, Table VII (Baker et al. 1981): inspection (thermal); sub-class by IEC C2H4/C2H6 ratio",50.0,100.0,9.0,305.0,51.0,404.0,3560.0,True,,True,True
Duval2002-VII-T8,Published cases,Duval2002-VII-T8,,in service,Overheated core packets,T3,single_fault,"Duval 2002, Table VII (Baker et al. 1981): inspection (thermal); sub-class by IEC C2H4/C2H6 ratio",3650.0,6730.0,191.0,9630.0,1570.0,674.0,7230.0,True,,True,True
Duval2002-VII-T9,Published cases,Duval2002-VII-T9,,in service,Overheating of lead crossover,T3,single_fault,"Duval 2002, Table VII (Baker et al. 1981): inspection (thermal); sub-class by IEC C2H4/C2H6 ratio",1040.0,2100.0,10.0,2720.0,579.0,220.0,366.0,True,,True,True
Duval2002-VII-T10,Published cases,Duval2002-VII-T10,,in service,Hot spot in a conductor,T1,single_fault,"Duval 2002, Table VII (Thibault et al. 1982): inspection (thermal); sub-class by IEC C2H4/C2H6 ratio",305.0,538.0,,101.0,157.0,1900.0,4210.0,True,,True,True
Duval2002-VII-T11,Published cases,Duval2002-VII-T11,,heat-run test,Overheating of cable to windings (heat-run test 1.5 PU),T1,single_fault,"Duval 2002, Table VII (Aubin 1993): inspection (thermal); sub-class by IEC C2H4/C2H6 ratio",12.0,17.6,,4.5,4.6,554.0,1710.0,True,,False,True
Duval2002-VII-T12,Published cases,Duval2002-VII-T12,,heat-run test,Overheating of paper insulation (heat-run test 1.5 PU),T1,single_fault,"Duval 2002, Table VII (Aubin 1993): inspection (thermal); sub-class by IEC C2H4/C2H6 ratio",93.0,194.0,,27.0,52.0,2330.0,6350.0,True,,True,True
Duval2002-VII-T13,Published cases,Duval2002-VII-T13,,heat-run test,Circulating currents in laminations (heat-run test 1.5 PU),T3,single_fault,"Duval 2002, Table VII (Aubin 1993): inspection (thermal); sub-class by IEC C2H4/C2H6 ratio",107.0,143.0,2.0,222.0,35.0,193.0,1330.0,True,,True,True
Duval2002-VII-T14,Published cases,Duval2002-VII-T14,,in service,Burnt oil pump,T1,single_fault,"Duval 2002, Table VII (Sokolov 2001): inspection (thermal); sub-class by IEC C2H4/C2H6 ratio",220.0,1660.0,,1140.0,1880.0,410.0,2430.0,True,,True,True
Duval2002-VII-T15,Published cases,Duval2002-VII-T15,,in service,Severe overheating of lead connection,T3,single_fault,"Duval 2002, Table VII (Sokolov 2001): inspection (thermal); sub-class by IEC C2H4/C2H6 ratio",78.0,259.0,,640.0,117.0,219.0,1827.0,True,,True,True
Duval2002-I-6,Published cases,Duval2002-I-6,,laboratory,"hot spot in paper/oil, 300 C (laboratory)",T2,single_fault,"Duval 2002, Table I (Duval 1985): laboratory simulation at known temperature (300 C)",470.0,4637.0,,448.0,1300.0,25312.0,51000.0,True,,True,True
Duval2002-I-9,Published cases,Duval2002-I-9,,laboratory,"hot spot in paper/oil, 225 C (laboratory)",T1,single_fault,"Duval 2002, Table I (Rogers 1975): laboratory simulation at known temperature (225 C)",219.0,44.0,,3.0,3.0,3000.0,13000.0,True,,True,True
Duval2002-I-12,Published cases,Duval2002-I-12,,laboratory,"hot spot in paper/oil, 140 C (laboratory)",T1,single_fault,"Duval 2002, Table I (Rogers 1975): laboratory simulation at known temperature (140 C)",14.0,62.0,,3.0,16.0,68.0,7500.0,True,,False,True
Duval2002-II-5,Published cases,Duval2002-II-5,,laboratory,"hot spot in oil, 225 C (laboratory)",T1,single_fault,"Duval 2002, Table II (Rogers 1975): laboratory simulation at known temperature (225 C)",130.0,140.0,,120.0,24.0,2.0,400.0,True,,True,True
Duval2002-II-8,Published cases,Duval2002-II-8,,laboratory,"hot spot in oil, 160 C (laboratory)",T1,single_fault,"Duval 2002, Table II (Sokolov 2001): laboratory simulation at known temperature (160 C)",50.0,3.0,,,1.0,14.0,581.0,True,,False,True
Duval2002-II-9,Published cases,Duval2002-II-9,,laboratory,"hot spot in oil, 140 C (laboratory)",T1,single_fault,"Duval 2002, Table II (Duval/dePablo 2001): laboratory simulation at known temperature (140 C)",55.0,22.0,,2.6,0.5,358.0,961.0,True,,False,True
Duval2002-II-10,Published cases,Duval2002-II-10,,laboratory,"hot spot in oil, 120 C (laboratory)",T1,single_fault,"Duval 2002, Table II (Duval/dePablo 2001): laboratory simulation at known temperature (120 C)",78.0,66.0,,2.6,62.0,283.0,1772.0,True,,False,True
Duval2002-III-1,Published cases,Duval2002-III-1,,laboratory,Corona in oil (laboratory),PD,single_fault,"Duval 2002, Table III (Rogers 1975): laboratory corona-type partial discharge",16000.0,3600.0,,14.0,670.0,180.0,790.0,True,,True,True
Duval2002-III-2,Published cases,Duval2002-III-2,,laboratory,Corona in ASTM D2300 (laboratory),PD,single_fault,"Duval 2002, Table III (Rogers 1975): laboratory corona-type partial discharge",6600.0,1000.0,19.0,2.0,38.0,14.0,400.0,True,,True,True
Duval2002-III-8,Published cases,Duval2002-III-8,,laboratory,Needle-to-plane PDs > 100 pC (laboratory),D1,single_fault,"Duval 2002, Table III (Borsi 2000): laboratory sparking discharge (D1 type per source)",5000.0,4000.0,8000.0,2000.0,2000.0,,,True,,True,True
Duval2002-III-9,Published cases,Duval2002-III-9,,laboratory,Needle-to-plane PDs > 1000 pC (laboratory),D1,single_fault,"Duval 2002, Table III (Borsi 2000): laboratory sparking discharge (D1 type per source)",24.3,15.7,29.8,11.2,6.4,,,True,,True,True
Duval2002-III-13,Published cases,Duval2002-III-13,,laboratory,Arcing in oil (laboratory),D1,single_fault,"Duval 2002, Table III (Rogers 1975): laboratory sparking/arcing discharge (D1 type per source)",200.0,230.0,480.0,170.0,2.0,6.0,160.0,True,,True,True
Duval2002-III-15,Published cases,Duval2002-III-15,,laboratory,Needle-to-sphere discharge in oil (laboratory),D1,single_fault,"Duval 2002, Table III (Rogers 1975): laboratory sparking discharge (D1 type per source)",890.0,110.0,700.0,84.0,3.0,,430.0,True,,True,True
Duval2002-III-16,Published cases,Duval2002-III-16,,laboratory,Rod-to-rod discharge (laboratory),D1,single_fault,"Duval 2002, Table III (Carballeira 1988): laboratory sparking discharge (D1 type per source)",41.0,112.0,4536.0,254.0,,,98.0,True,,True,True
AbuSiada2015-4-1,Published cases,AbuSiada2015-4-1,,in service,Normal condition,NORMAL,normal,"Abu-Siada & Hmood 2015, Table 4: published case: normal (all gases below limits)",2.0,7.0,0.0,0.0,0.0,0.0,132.0,True,,False,True
AbuSiada2015-4-2,Published cases,AbuSiada2015-4-2,,in service,Normal condition,NORMAL,normal,"Abu-Siada & Hmood 2015, Table 4: published case: normal (all gases below limits)",47.0,12.0,0.0,8.0,0.0,115.0,1113.0,True,,False,True
AbuSiada2015-4-3,Published cases,AbuSiada2015-4-3,,in service,Heating (thermal fault not involving cellulose),T1,single_fault,"Abu-Siada & Hmood 2015, Table 4: published case (thermal); sub-class by IEC C2H4/C2H6 ratio",124.0,166.0,0.0,59.0,87.0,530.0,3750.0,True,,True,True
AbuSiada2015-4-4,Published cases,AbuSiada2015-4-4,,in service,Local overheating involving cellulose,T1,single_fault,"Abu-Siada & Hmood 2015, Table 4: published case (thermal); sub-class by IEC C2H4/C2H6 ratio",103.0,74.0,0.0,9.0,80.0,754.0,2605.0,True,,True,True
AbuSiada2015-4-5,Published cases,AbuSiada2015-4-5,,in service,Partial discharge,PD,single_fault,"Abu-Siada & Hmood 2015, Table 4: published case label",231.0,3997.0,0.0,5584.0,1726.0,0.0,2194.0,True,,True,True
AbuSiada2015-4-6,Published cases,AbuSiada2015-4-6,,in service,Partial discharge,PD,single_fault,"Abu-Siada & Hmood 2015, Table 4: published case label",384.0,388.0,33.0,110.0,55.0,173.0,932.0,True,,True,True
AbuSiada2015-4-7,Published cases,AbuSiada2015-4-7,,in service,Arcing,D2,single_fault,"Abu-Siada & Hmood 2015, Table 4: published case label (arcing)",441.0,207.0,261.0,224.0,43.0,161.0,1123.0,True,,True,True
AbuSiada2015-4-8,Published cases,AbuSiada2015-4-8,,in service,Arcing,D2,single_fault,"Abu-Siada & Hmood 2015, Table 4: published case label (arcing)",217.0,286.0,884.0,458.0,14.0,176.0,1544.0,True,,True,True
FN-0001,Fujian (rule-labelled),FN-0001,,,电弧放电,D2,single_fault,utility measurement; label assigned by GB/T 7252 three-ratio code (no inspection confirmation),364.701,31.778,33.036,127.721,0.2,1127.224,6565.995,False,,True,True
FN-0002,Fujian (rule-labelled),FN-0002,,,电弧放电,D2,single_fault,utility measurement; label assigned by GB/T 7252 three-ratio code (no inspection confirmation),806.694,81.569,72.327,80.937,26.862,779.781,2361.407,False,,True,True
FN-0003,Fujian (rule-labelled),FN-0003,,,电弧放电,D2,single_fault,utility measurement; label assigned by GB/T 7252 three-ratio code (no inspection confirmation),0.85,0.0,0.12,0.2,29.739,816.197,1195.941,False,,False,False
FN-0004,Fujian (rule-labelled),FN-0004,,,电弧放电,D2,single_fault,utility measurement; label assigned by GB/T 7252 three-ratio code (no inspection confirmation),793.916,29.773,20.924,45.366,19.491,507.345,288.827,False,,True,True
FN-0005,Fujian (rule-labelled),FN-0005,,,电弧放电,D2,single_fault,utility measurement; label assigned by GB/T 7252 three-ratio code (no inspection confirmation),0.85,0.0,0.12,0.2,11.283,24.722,1807.307,False,,False,False
FN-0006,Fujian (rule-labelled),FN-0006,,,电弧放电,D2,single_fault,utility measurement; label assigned by GB/T 7252 three-ratio code (no inspection confirmation),142.395,56.102,0.12,0.2,0.2,0.0,0.0,False,,False,False
FN-0007,Fujian (rule-labelled),FN-0007,,,电弧放电,D2,single_fault,utility measurement; label assigned by GB/T 7252 three-ratio code (no inspection confirmation),3265.108,634.549,1389.103,2467.424,82.757,2262.779,5854.756,False,,True,True
FN-0008,Fujian (rule-labelled),FN-0008,,,电弧放电,D2,single_fault,utility measurement; label assigned by GB/T 7252 three-ratio code (no inspection confirmation),49710.646,1288.088,5988.132,2893.912,593.251,8811.017,3245.613,False,,True,True
FN-0009,Fujian (rule-labelled),FN-0009,,,电弧放电,D2,single_fault,utility measurement; label assigned by GB/T 7252 three-ratio code (no inspection confirmation),1572.126,689.541,1596.872,2850.106,53.404,2150.915,4952.88,False,,True,True
FN-0010,Fujian (rule-labelled),FN-0010,,,电弧放电,D2,single_fault,utility measurement; label assigned by GB/T 7252 three-ratio code (no inspection confirmation),1150.682,77.91,72.44,67.342,12.153,0.0,613.789,False,,True,True
FN-0011,Fujian (rule-labelled),FN-0011,,,电弧放电,D2,single_fault,utility measurement; label assigned by GB/T 7252 three-ratio code (no inspection confirmation),1819.388,72.928,47.792,55.132,0.2,0.0,868.49,False,,True,True
FN-0012,Fujian (rule-labelled),FN-0012,,,电弧放电,D2,single_fault,utility measurement; label assigned by GB/T 7252 three-ratio code (no inspection confirmation),2699.402,1208.987,991.217,2833.347,46.775,1705.786,8305.247,False,,True,True
FN-0013,Fujian (rule-labelled),FN-0013,,,电弧放电,D2,single_fault,utility measurement; label assigned by GB/T 7252 three-ratio code (no inspection confirmation),1089.741,65.097,84.337,76.25,16.459,0.0,2484.558,False,,True,True
FN-0014,Fujian (rule-labelled),FN-0014,,,电弧放电,D2,single_fault,utility measurement; label assigned by GB/T 7252 three-ratio code (no inspection confirmation),1266.73,114.855,44.271,50.127,27.267,82.887,1704.618,False,,True,True
FN-0015,Fujian (rule-labelled),FN-0015,,,电弧放电,D2,single_fault,utility measurement; label assigned by GB/T 7252 three-ratio code (no inspection confirmation),1449.465,132.681,9.501,37.79,0.2,483.569,0.0,False,,True,True
FN-0016,Fujian (rule-labelled),FN-0016,,,电弧放电,D2,single_fault,utility measurement; label assigned by GB/T 7252 three-ratio code (no inspection confirmation),0.85,0.0,0.12,0.2,0.2,1303.378,5140.366,False,,False,False
FN-0017,Fujian (rule-labelled),FN-0017,,,电弧放电,D2,single_fault,utility measurement; label assigned by GB/T 7252 three-ratio code (no inspection confirmation),0.85,0.0,0.12,0.2,18.014,306.728,0.0,False,,False,False
FN-0018,Fujian (rule-labelled),FN-0018,,,电弧放电,D2,single_fault,utility measurement; label assigned by GB/T 7252 three-ratio code (no inspection confirmation),317.981,36.432,0.12,0.2,20.512,181.372,4358.007,False,,True,True
FN-0019,Fujian (rule-labelled),FN-0019,,,电弧放电,D2,single_fault,utility measurement; label assigned by GB/T 7252 three-ratio code (no inspection confirmation),961.52,125.47,252.747,308.581,16.518,965.597,1664.772,False,,True,True
FN-0020,Fujian (rule-labelled),FN-0020,,,电弧放电,D2,single_fault,utility measurement; label assigned by GB/T 7252 three-ratio code (no inspection confirmation),762.92,114.868,77.89,99.412,37.852,882.804,2205.727,False,,True,True
FN-0021,Fujian (rule-labelled),FN-0021,,,电弧放电,D2,single_fault,utility measurement; label assigned by GB/T 7252 three-ratio code (no inspection confirmation),0.85,0.0,0.12,0.2,0.2,0.0,0.0,False,,False,False
FN-0022,Fujian (rule-labelled),FN-0022,,,电弧放电,D2,single_fault,utility measurement; label assigned by GB/T 7252 three-ratio code (no inspection confirmation),47064.551,5652.802,5664.932,3585.684,610.713,10407.701,2262.35,False,,True,True
FN-0023,Fujian (rule-labelled),FN-0023,,,电弧放电,D2,single_fault,utility measurement; label assigned by GB/T 7252 three-ratio code (no inspection confirmation),500.243,0.0,0.12,0.2,19.551,0.0,1440.449,False,,True,True
FN-0024,Fujian (rule-labelled),FN-0024,,,电弧放电,D2,single_fault,utility measurement; label assigned by GB/T 7252 three-ratio code (no inspection confirmation),432579.174,1131.867,5875.74,3244.405,7416.42,20683.902,75381.91,False,,True,True
FN-0025,Fujian (rule-labelled),FN-0025,,,电弧放电,D2,single_fault,utility measurement; label assigned by GB/T 7252 three-ratio code (no inspection confirmation),531.172,0.0,6.352,3.089,0.2,98.128,1830.258,False,,True,True
FN-0026,Fujian (rule-labelled),FN-0026,,,电弧放电,D2,single_fault,utility measurement; label assigned by GB/T 7252 three-ratio code (no inspection confirmation),643.992,69.924,97.723,111.28,0.2,240.354,1268.482,False,,True,True
FN-0027,Fujian (rule-labelled),FN-0027,,,电弧放电,D2,single_fault,utility measurement; label assigned by GB/T 7252 three-ratio code (no inspection confirmation),245.025,111.358,53.845,64.04,14.693,460.875,0.0,False,,True,True
FN-0028,Fujian (rule-labelled),FN-0028,,,电弧放电,D2,single_fault,utility measurement; label assigned by GB/T 7252 three-ratio code (no inspection confirmation),245.436,91.806,44.048,90.321,3.304,743.708,251.898,False,,True,True
FN-0029,Fujian (rule-labelled),FN-0029,,,电弧放电,D2,single_fault,utility measurement; label assigned by GB/T 7252 three-ratio code (no inspection confirmation),4456.056,757.655,2615.371,2970.741,110.586,2583.536,7743.055,False,,True,True
FN-0030,Fujian (rule-labelled),FN-0030,,,电弧放电,D2,single_fault,utility measurement; label assigned by GB/T 7252 three-ratio code (no inspection confirmation),0.85,0.0,47.191,38.241,0.2,5.862,426.222,False,,True,True
FN-0031,Fujian (rule-labelled),FN-0031,,,电弧放电,D2,single_fault,utility measurement; label assigned by GB/T 7252 three-ratio code (no inspection confirmation),133.32,3.218,33.74,39.57,16.29,1432.892,5483.33,False,,True,True
FN-0032,Fujian (rule-labelled),FN-0032,,,电弧放电,D2,single_fault,utility measurement; label assigned by GB/T 7252 three-ratio code (no inspection confirmation),75.158,56.348,39.427,55.355,7.536,596.737,5049.215,False,,True,True
FN-0033,Fujian (rule-labelled),FN-0033,,,电弧放电,D2,single_fault,utility measurement; label assigned by GB/T 7252 three-ratio code (no inspection confirmation),1189.436,30.769,0.12,0.2,13.018,266.991,0.0,False,,True,True
FN-0034,Fujian (rule-labelled),FN-0034,,,电弧放电,D2,single_fault,utility measurement; label assigned by GB/T 7252 three-ratio code (no inspection confirmation),1.168,0.0,0.12,0.2,0.2,535.998,381.235,False,,False,False
FN-0035,Fujian (rule-labelled),FN-0035,,,电弧放电,D2,single_fault,utility measurement; label assigned by GB/T 7252 three-ratio code (no inspection confirmation),1818.325,203.417,420.83,489.419,27.418,363.076,2586.883,False,,True,True
FN-0036,Fujian (rule-labelled),FN-0036,,,电弧放电,D2,single_fault,utility measurement; label assigned by GB/T 7252 three-ratio code (no inspection confirmation),1274.259,40.745,110.598,331.975,3.807,1279.309,391.14,False,,True,True
FN-0037,Fujian (rule-labelled),FN-0037,,,电弧放电,D2,single_fault,utility measurement; label assigned by GB/T 7252 three-ratio code (no inspection confirmation),905.58,129.377,86.251,100.656,8.834,624.185,4430.6,False,,True,True
FN-0038,Fujian (rule-labelled),FN-0038,,,电弧放电,D2,single_fault,utility measurement; label assigned by GB/T 7252 three-ratio code (no inspection confirmation),1026.589,111.439,110.526,83.075,12.515,361.548,1255.486,False,,True,True
FN-0039,Fujian (rule-labelled),FN-0039,,,电弧放电,D2,single_fault,utility measurement; label assigned by GB/T 7252 three-ratio code (no inspection confirmation),881.465,36.475,7.073,27.727,15.966,60.963,672.652,False,,True,True
FN-0040,Fujian (rule-labelled),FN-0040,,,电弧放电,D2,single_fault,utility measurement; label assigned by GB/T 7252 three-ratio code (no inspection confirmation),1043.691,33.64,18.701,8.246,0.2,0.0,363.176,False,,True,True
FN-0041,Fujian (rule-labelled),FN-0041,,,电弧放电,D2,single_fault,utility measurement; label assigned by GB/T 7252 three-ratio code (no inspection confirmation),183.305,138.201,54.982,419.408,0.2,1039.487,2248.115,False,,True,True
FN-0042,Fujian (rule-labelled),FN-0042,,,电弧放电,D2,single_fault,utility measurement; label assigned by GB/T 7252 three-ratio code (no inspection confirmation),1699.0,0.0,38.275,79.334,20.71,590.166,851.586,False,,True,True
FN-0043,Fujian (rule-labelled),FN-0043,,,电弧放电,D2,single_fault,utility measurement; label assigned by GB/T 7252 three-ratio code (no inspection confirmation),575.152,96.965,2.211,15.137,10.389,1064.989,2442.241,False,,True,True
FN-0044,Fujian (rule-labelled),FN-0044,,,电弧放电,D2,single_fault,utility measurement; label assigned by GB/T 7252 three-ratio code (no inspection confirmation),537.936,60.767,17.491,85.051,17.351,1418.802,2133.754,False,,True,True
FN-0045,Fujian (rule-labelled),FN-0045,,,电弧放电,D2,single_fault,utility measurement; label assigned by GB/T 7252 three-ratio code (no inspection confirmation),302.809,68.998,44.101,67.642,2.75,0.0,565.197,False,,True,True
FN-0046,Fujian (rule-labelled),FN-0046,,,电弧放电,D2,single_fault,utility measurement; label assigned by GB/T 7252 three-ratio code (no inspection confirmation),766.921,160.85,152.553,333.422,0.2,0.0,3302.447,False,,True,True
FN-0047,Fujian (rule-labelled),FN-0047,,,电弧放电,D2,single_fault,utility measurement; label assigned by GB/T 7252 three-ratio code (no inspection confirmation),1241.318,55.204,13.663,32.385,15.602,623.559,1878.101,False,,True,True
FN-0048,Fujian (rule-labelled),FN-0048,,,电弧放电,D2,single_fault,utility measurement; label assigned by GB/T 7252 three-ratio code (no inspection confirmation),1048.86,87.171,81.791,65.328,0.2,0.0,1005.217,False,,True,True
FN-0049,Fujian (rule-labelled),FN-0049,,,电弧放电,D2,single_fault,utility measurement; label assigned by GB/T 7252 three-ratio code (no inspection confirmation),1554.434,63.871,45.343,193.276,45.163,806.511,1795.998,False,,True,True
FN-0050,Fujian (rule-labelled),FN-0050,,,电弧放电,D2,single_fault,utility measurement; label assigned by GB/T 7252 three-ratio code (no inspection confirmation),225.156,64.048,27.96,58.65,0.2,1242.242,4890.867,False,,True,True
FN-0051,Fujian (rule-labelled),FN-0051,,,电弧放电,D2,single_fault,utility measurement; label assigned by GB/T 7252 three-ratio code (no inspection confirmation),442.846,29.935,38.334,30.836,9.228,0.0,2314.871,False,,True,True
FN-0052,Fujian (rule-labelled),FN-0052,,,电弧放电,D2,single_fault,utility measurement; label assigned by GB/T 7252 three-ratio code (no inspection confirmation),302915.749,13421.582,7840.483,3954.201,6487.3,68870.909,75381.91,False,,True,True
FN-0053,Fujian (rule-labelled),FN-0053,,,电弧放电,D2,single_fault,utility measurement; label assigned by GB/T 7252 three-ratio code (no inspection confirmation),173.065,39.084,0.12,0.2,0.2,713.841,0.0,False,,True,True
FN-0054,Fujian (rule-labelled),FN-0054,,,电弧放电,D2,single_fault,utility measurement; label assigned by GB/T 7252 three-ratio code (no inspection confirmation),905.363,170.452,820.558,370.117,14.339,489.143,0.0,False,,True,True
FN-0055,Fujian (rule-labelled),FN-0055,,,电弧放电,D2,single_fault,utility measurement; label assigned by GB/T 7252 three-ratio code (no inspection confirmation),437.214,23.914,70.236,64.779,15.778,0.0,1346.556,False,,True,True
FN-0056,Fujian (rule-labelled),FN-0056,,,电弧放电,D2,single_fault,utility measurement; label assigned by GB/T 7252 three-ratio code (no inspection confirmation),825.225,18.758,0.12,0.2,0.2,878.379,1135.284,False,,True,True
FN-0057,Fujian (rule-labelled),FN-0057,,,电弧放电,D2,single_fault,utility measurement; label assigned by GB/T 7252 three-ratio code (no inspection confirmation),256.714,52.895,63.941,43.455,21.184,0.0,0.0,False,,True,True
FN-0058,Fujian (rule-labelled),FN-0058,,,电弧放电,D2,single_fault,utility measurement; label assigned by GB/T 7252 three-ratio code (no inspection confirmation),1238.971,332.823,0.12,0.2,57.385,1817.56,1863.501,False,,True,True
FN-0059,Fujian (rule-labelled),FN-0059,,,电弧放电,D2,single_fault,utility measurement; label assigned by GB/T 7252 three-ratio code (no inspection confirmation),985.586,11.417,87.336,44.727,0.2,432.775,3414.8,False,,True,True
FN-0060,Fujian (rule-labelled),FN-0060,,,电弧放电,D2,single_fault,utility measurement; label assigned by GB/T 7252 three-ratio code (no inspection confirmation),1283.679,87.148,28.708,35.646,16.12,222.437,2084.935,False,,True,True
FN-0061,Fujian (rule-labelled),FN-0061,,,电弧放电,D2,single_fault,utility measurement; label assigned by GB/T 7252 three-ratio code (no inspection confirmation),0.85,0.0,11.243,5.105,0.2,0.0,890.538,False,,True,True
FN-0062,Fujian (rule-labelled),FN-0062,,,电弧放电,D2,single_fault,utility measurement; label assigned by GB/T 7252 three-ratio code (no inspection confirmation),45135.11,4823.629,31.454,46.504,577.839,1108.001,2659.478,False,,True,True
FN-0063,Fujian (rule-labelled),FN-0063,,,电弧放电,D2,single_fault,utility measurement; label assigned by GB/T 7252 three-ratio code (no inspection confirmation),197.714,20.651,14.109,30.372,2.907,674.074,3550.291,False,,True,True
FN-0064,Fujian (rule-labelled),FN-0064,,,电弧放电,D2,single_fault,utility measurement; label assigned by GB/T 7252 three-ratio code (no inspection confirmation),0.85,0.0,0.12,0.2,0.2,1921.633,4638.244,False,,False,False
FN-0065,Fujian (rule-labelled),FN-0065,,,电弧放电,D2,single_fault,utility measurement; label assigned by GB/T 7252 three-ratio code (no inspection confirmation),551.527,44.854,25.963,115.654,3.822,1271.49,6119.744,False,,True,True
FN-0066,Fujian (rule-labelled),FN-0066,,,电弧放电,D2,single_fault,utility measurement; label assigned by GB/T 7252 three-ratio code (no inspection confirmation),1239.19,916.438,605.147,2196.651,60.457,390.051,6720.297,False,,True,True
FN-0067,Fujian (rule-labelled),FN-0067,,,电弧放电,D2,single_fault,utility measurement; label assigned by GB/T 7252 three-ratio code (no inspection confirmation),506.245,49.407,30.09,33.648,0.2,0.0,1704.305,False,,True,True
FN-0068,Fujian (rule-labelled),FN-0068,,,电弧放电,D2,single_fault,utility measurement; label assigned by GB/T 7252 three-ratio code (no inspection confirmation),490.397,29.533,15.82,29.983,1.261,146.557,1453.79,False,,True,True
FN-0069,Fujian (rule-labelled),FN-0069,,,电弧放电,D2,single_fault,utility measurement; label assigned by GB/T 7252 three-ratio code (no inspection confirmation),21.155,9.697,2.406,4.469,6.129,374.583,0.0,False,,False,False
FN-0070,Fujian (rule-labelled),FN-0070,,,电弧放电,D2,single_fault,utility measurement; label assigned by GB/T 7252 three-ratio code (no inspection confirmation),559.037,52.791,74.376,78.517,0.2,697.845,0.0,False,,True,True
FN-0071,Fujian (rule-labelled),FN-0071,,,电弧放电,D2,single_fault,utility measurement; label assigned by GB/T 7252 three-ratio code (no inspection confirmation),2459.096,1080.654,744.522,1903.677,53.632,1076.523,5575.781,False,,True,True
FN-0072,Fujian (rule-labelled),FN-0072,,,电弧放电,D2,single_fault,utility measurement; label assigned by GB/T 7252 three-ratio code (no inspection confirmation),0.85,0.0,0.12,0.2,0.2,260.455,2261.871,False,,False,False
FN-0073,Fujian (rule-labelled),FN-0073,,,电弧放电,D2,single_fault,utility measurement; label assigned by GB/T 7252 three-ratio code (no inspection confirmation),544.913,64.403,37.315,39.077,7.604,514.401,119.98,False,,True,True
FN-0074,Fujian (rule-labelled),FN-0074,,,电弧放电,D2,single_fault,utility measurement; label assigned by GB/T 7252 three-ratio code (no inspection confirmation),21.48,0.866,9.391,24.747,0.2,195.614,6008.577,False,,True,True
FN-0075,Fujian (rule-labelled),FN-0075,,,电弧放电,D2,single_fault,utility measurement; label assigned by GB/T 7252 three-ratio code (no inspection confirmation),626.395,149.742,29.103,71.202,15.668,0.0,598.329,False,,True,True
FN-0076,Fujian (rule-labelled),FN-0076,,,电弧放电,D2,single_fault,utility measurement; label assigned by GB/T 7252 three-ratio code (no inspection confirmation),262.01,61.197,46.646,93.908,2.789,0.0,405.494,False,,True,True
FN-0077,Fujian (rule-labelled),FN-0077,,,电弧放电,D2,single_fault,utility measurement; label assigned by GB/T 7252 three-ratio code (no inspection confirmation),547.266,55.467,52.396,44.948,0.2,40.594,0.0,False,,True,True
FN-0078,Fujian (rule-labelled),FN-0078,,,电弧放电,D2,single_fault,utility measurement; label assigned by GB/T 7252 three-ratio code (no inspection confirmation),2932.978,616.465,1894.015,2814.564,62.831,1309.07,6110.26,False,,True,True
FN-0079,Fujian (rule-labelled),FN-0079,,,电弧放电,D2,single_fault,utility measurement; label assigned by GB/T 7252 three-ratio code (no inspection confirmation),1269.294,91.128,158.701,131.133,67.179,0.0,2563.973,False,,True,True
FN-0080,Fujian (rule-labelled),FN-0080,,,电弧放电,D2,single_fault,utility measurement; label assigned by GB/T 7252 three-ratio code (no inspection confirmation),602.117,69.219,96.693,97.572,14.168,0.0,1343.513,False,,True,True
FN-0081,Fujian (rule-labelled),FN-0081,,,电弧放电,D2,single_fault,utility measurement; label assigned by GB/T 7252 three-ratio code (no inspection confirmation),41273.933,1156.847,719.388,3628.116,641.197,951.063,6049.931,False,,True,True
FN-0082,Fujian (rule-labelled),FN-0082,,,电弧放电,D2,single_fault,utility measurement; label assigned by GB/T 7252 three-ratio code (no inspection confirmation),255.369,14.027,83.304,42.729,0.2,480.362,4450.964,False,,True,True
FN-0083,Fujian (rule-labelled),FN-0083,,,电弧放电,D2,single_fault,utility measurement; label assigned by GB/T 7252 three-ratio code (no inspection confirmation),442.304,45.04,41.759,37.397,0.2,0.0,965.166,False,,True,True
FN-0084,Fujian (rule-labelled),FN-0084,,,电弧放电,D2,single_fault,utility measurement; label assigned by GB/T 7252 three-ratio code (no inspection confirmation),0.85,0.0,13.501,5.184,0.2,37.519,1880.843,False,,True,True
FN-0085,Fujian (rule-labelled),FN-0085,,,电弧放电,D2,single_fault,utility measurement; label assigned by GB/T 7252 three-ratio code (no inspection confirmation),1017.46,70.198,75.278,53.81,0.2,0.0,0.0,False,,True,True
FN-0086,Fujian (rule-labelled),FN-0086,,,电弧放电,D2,single_fault,utility measurement; label assigned by GB/T 7252 three-ratio code (no inspection confirmation),767.85,39.56,39.016,19.93,23.562,337.365,1334.155,False,,True,True
FN-0087,Fujian (rule-labelled),FN-0087,,,电弧放电,D2,single_fault,utility measurement; label assigned by GB/T 7252 three-ratio code (no inspection confirmation),463738.598,897.16,4256.12,2379.952,82.717,1518.077,5158.31,False,,True,True
FN-0088,Fujian (rule-labelled),FN-0088,,,电弧放电,D2,single_fault,utility measurement; label assigned by GB/T 7252 three-ratio code (no inspection confirmation),1670.799,78.87,15.538,67.334,13.821,0.0,2499.029,False,,True,True
FN-0089,Fujian (rule-labelled),FN-0089,,,电弧放电,D2,single_fault,utility measurement; label assigned by GB/T 7252 three-ratio code (no inspection confirmation),773.513,76.106,51.267,30.211,11.179,137.124,1003.352,False,,True,True
FN-0090,Fujian (rule-labelled),FN-0090,,,电弧放电,D2,single_fault,utility measurement; label assigned by GB/T 7252 three-ratio code (no inspection confirmation),375.927,95.507,102.024,81.642,16.135,526.003,768.166,False,,True,True
FN-0091,Fujian (rule-labelled),FN-0091,,,电弧放电,D2,single_fault,utility measurement; label assigned by GB/T 7252 three-ratio code (no inspection confirmation),649.599,0.0,0.12,0.2,0.2,538.141,2326.242,False,,True,True
FN-0092,Fujian (rule-labelled),FN-0092,,,电弧放电,D2,single_fault,utility measurement; label assigned by GB/T 7252 three-ratio code (no inspection confirmation),1356.416,108.272,0.12,0.2,42.066,605.607,196.946,False,,True,True
FN-0093,Fujian (rule-labelled),FN-0093,,,电弧放电,D2,single_fault,utility measurement; label assigned by GB/T 7252 three-ratio code (no inspection confirmation),0.85,0.0,17.324,51.878,0.2,536.867,4086.106,False,,True,True
FN-0094,Fujian (rule-labelled),FN-0094,,,电弧放电,D2,single_fault,utility measurement; label assigned by GB/T 7252 three-ratio code (no inspection confirmation),363267.086,15996.3,765.074,4115.148,70.663,95375.841,3112.828,False,,True,True
FN-0095,Fujian (rule-labelled),FN-0095,,,电弧放电,D2,single_fault,utility measurement; label assigned by GB/T 7252 three-ratio code (no inspection confirmation),422.261,92.598,38.732,47.221,12.914,1056.404,4651.317,False,,True,True
FN-0096,Fujian (rule-labelled),FN-0096,,,电弧放电,D2,single_fault,utility measurement; label assigned by GB/T 7252 three-ratio code (no inspection confirmation),1045.517,162.791,94.148,131.484,445.966,467.167,2298.732,False,,True,True
FN-0097,Fujian (rule-labelled),FN-0097,,,电弧放电,D2,single_fault,utility measurement; label assigned by GB/T 7252 three-ratio code (no inspection confirmation),47666.632,13941.191,7294.172,3838.293,6242.739,17792.398,75381.91,False,,True,True
FN-0098,Fujian (rule-labelled),FN-0098,,,电弧放电,D2,single_fault,utility measurement; label assigned by GB/T 7252 three-ratio code (no inspection confirmation),588.87,58.634,11.552,46.039,24.196,805.793,6801.991,False,,True,True
FN-0099,Fujian (rule-labelled),FN-0099,,,电弧放电,D2,single_fault,utility measurement; label assigned by GB/T 7252 three-ratio code (no inspection confirmation),2072.951,1004.814,964.927,330.976,38.441,514.769,3485.848,False,,True,True
FN-0100,Fujian (rule-labelled),FN-0100,,,电弧放电,D2,single_fault,utility measurement; label assigned by GB/T 7252 three-ratio code (no inspection confirmation),233.675,51.466,37.835,36.12,0.2,768.021,0.0,False,,True,True
FN-0101,Fujian (rule-labelled),FN-0101,,,电弧放电,D2,single_fault,utility measurement; label assigned by GB/T 7252 three-ratio code (no inspection confirmation),0.85,0.0,29.05,37.874,0.2,0.0,0.0,False,,True,True
FN-0102,Fujian (rule-labelled),FN-0102,,,电弧放电,D2,single_fault,utility measurement; label assigned by GB/T 7252 three-ratio code (no inspection confirmation),203.259,36.201,67.961,98.224,0.2,0.0,3712.026,False,,True,True
FN-0103,Fujian (rule-labelled),FN-0103,,,电弧放电,D2,single_fault,utility measurement; label assigned by GB/T 7252 three-ratio code (no inspection confirmation),3837.566,765.824,3165.894,3857.645,87.35,12150.309,4424.915,False,,True,True
FN-0104,Fujian (rule-labelled),FN-0104,,,电弧放电,D2,single_fault,utility measurement; label assigned by GB/T 7252 three-ratio code (no inspection confirmation),216.143,91.611,91.669,72.878,6.743,475.021,1256.723,False,,True,True
FN-0105,Fujian (rule-labelled),FN-0105,,,电弧放电,D2,single_fault,utility measurement; label assigned by GB/T 7252 three-ratio code (no inspection confirmation),1464.713,713.535,133.036,190.383,47.254,1037.997,2084.98,False,,True,True
FN-0106,Fujian (rule-labelled),FN-0106,,,电弧放电,D2,single_fault,utility measurement; label assigned by GB/T 7252 three-ratio code (no inspection confirmation),301.905,85.116,88.477,57.052,14.106,367.816,0.0,False,,True,True
FN-0107,Fujian (rule-labelled),FN-0107,,,电弧放电,D2,single_fault,utility measurement; label assigned by GB/T 7252 three-ratio code (no inspection confirmation),707.583,5.576,0.12,0.2,0.2,0.0,0.0,False,,True,True
FN-0108,Fujian (rule-labelled),FN-0108,,,电弧放电,D2,single_fault,utility measurement; label assigned by GB/T 7252 three-ratio code (no inspection confirmation),473.144,106.35,88.278,79.275,0.2,310.894,1436.505,False,,True,True
FN-0109,Fujian (rule-labelled),FN-0109,,,电弧放电,D2,single_fault,utility measurement; label assigned by GB/T 7252 three-ratio code (no inspection confirmation),306.428,85.801,63.936,41.428,0.2,0.0,0.0,False,,True,True
FN-0110,Fujian (rule-labelled),FN-0110,,,电弧放电,D2,single_fault,utility measurement; label assigned by GB/T 7252 three-ratio code (no inspection confirmation),164.139,46.687,0.12,0.2,5.315,496.553,1336.905,False,,True,True
FN-0111,Fujian (rule-labelled),FN-0111,,,电弧放电,D2,single_fault,utility measurement; label assigned by GB/T 7252 three-ratio code (no inspection confirmation),1530.031,66.064,109.692,108.519,0.2,0.0,2392.927,False,,True,True
FN-0112,Fujian (rule-labelled),FN-0112,,,电弧放电,D2,single_fault,utility measurement; label assigned by GB/T 7252 three-ratio code (no inspection confirmation),221.837,25.399,57.899,75.223,12.002,129.565,1079.162,False,,True,True
FN-0113,Fujian (rule-labelled),FN-0113,,,电弧放电,D2,single_fault,utility measurement; label assigned by GB/T 7252 three-ratio code (no inspection confirmation),633.894,107.257,89.803,173.25,42.351,23.602,1423.336,False,,True,True
FN-0114,Fujian (rule-labelled),FN-0114,,,电弧放电,D2,single_fault,utility measurement; label assigned by GB/T 7252 three-ratio code (no inspection confirmation),1001.234,121.347,53.24,50.279,37.697,758.168,856.994,False,,True,True
FN-0115,Fujian (rule-labelled),FN-0115,,,电弧放电,D2,single_fault,utility measurement; label assigned by GB/T 7252 three-ratio code (no inspection confirmation),0.85,0.0,0.12,0.2,0.2,576.177,6157.766,False,,False,False
FN-0116,Fujian (rule-labelled),FN-0116,,,电弧放电,D2,single_fault,utility measurement; label assigned by GB/T 7252 three-ratio code (no inspection confirmation),0.85,0.0,0.12,0.2,11.695,1059.869,3198.294,False,,False,False
FN-0117,Fujian (rule-labelled),FN-0117,,,电弧放电,D2,single_fault,utility measurement; label assigned by GB/T 7252 three-ratio code (no inspection confirmation),0.85,0.0,0.12,0.2,0.2,106.443,1720.919,False,,False,False
FN-0118,Fujian (rule-labelled),FN-0118,,,电弧放电,D2,single_fault,utility measurement; label assigned by GB/T 7252 three-ratio code (no inspection confirmation),264.007,30.53,5.517,36.071,0.2,0.0,179.284,False,,True,True
FN-0119,Fujian (rule-labelled),FN-0119,,,电弧放电,D2,single_fault,utility measurement; label assigned by GB/T 7252 three-ratio code (no inspection confirmation),674.998,115.283,56.532,65.3,17.02,508.353,416.068,False,,True,True
FN-0120,Fujian (rule-labelled),FN-0120,,,电弧放电,D2,single_fault,utility measurement; label assigned by GB/T 7252 three-ratio code (no inspection confirmation),885.482,48.718,0.12,0.2,20.673,231.301,397.388,False,,True,True
FN-0121,Fujian (rule-labelled),FN-0121,,,电弧放电,D2,single_fault,utility measurement; label assigned by GB/T 7252 three-ratio code (no inspection confirmation),1295.829,17.609,0.12,0.2,29.627,1066.433,2911.776,False,,True,True
FN-0122,Fujian (rule-labelled),FN-0122,,,电弧放电,D2,single_fault,utility measurement; label assigned by GB/T 7252 three-ratio code (no inspection confirmation),413.06,29.947,0.12,0.2,10.91,401.886,132.8,False,,True,True
FN-0123,Fujian (rule-labelled),FN-0123,,,电弧放电,D2,single_fault,utility measurement; label assigned by GB/T 7252 three-ratio code (no inspection confirmation),317.205,72.657,28.554,73.216,9.12,808.225,711.639,False,,True,True
FN-0124,Fujian (rule-labelled),FN-0124,,,电弧放电,D2,single_fault,utility measurement; label assigned by GB/T 7252 three-ratio code (no inspection confirmation),0.85,0.0,0.12,0.2,0.2,1063.888,158.533,False,,False,False
FN-0125,Fujian (rule-labelled),FN-0125,,,电弧放电,D2,single_fault,utility measurement; label assigned by GB/T 7252 three-ratio code (no inspection confirmation),44859.601,1089.851,1112.495,2105.835,6268.593,21952.58,75381.91,False,,True,True
FN-0126,Fujian (rule-labelled),FN-0126,,,电弧放电,D2,single_fault,utility measurement; label assigned by GB/T 7252 three-ratio code (no inspection confirmation),1908.655,52.068,20.881,50.664,22.665,102.076,309.445,False,,True,True
FN-0127,Fujian (rule-labelled),FN-0127,,,电弧放电,D2,single_fault,utility measurement; label assigned by GB/T 7252 three-ratio code (no inspection confirmation),156.544,52.579,27.652,70.845,0.2,617.39,850.381,False,,True,True
FN-0128,Fujian (rule-labelled),FN-0128,,,电弧放电,D2,single_fault,utility measurement; label assigned by GB/T 7252 three-ratio code (no inspection confirmation),0.85,0.0,0.12,0.2,0.2,1160.097,0.0,False,,False,False
FN-0129,Fujian (rule-labelled),FN-0129,,,电弧放电,D2,single_fault,utility measurement; label assigned by GB/T 7252 three-ratio code (no inspection confirmation),86.819,15.609,0.12,0.2,8.725,357.978,121.412,False,,False,False
FN-0130,Fujian (rule-labelled),FN-0130,,,电弧放电,D2,single_fault,utility measurement; label assigned by GB/T 7252 three-ratio code (no inspection confirmation),648.438,0.0,20.83,24.991,4.606,1050.929,6254.781,False,,True,True
FN-0131,Fujian (rule-labelled),FN-0131,,,电弧放电,D2,single_fault,utility measurement; label assigned by GB/T 7252 three-ratio code (no inspection confirmation),1271.081,110.383,69.337,77.29,19.914,1478.142,685.009,False,,True,True
FN-0132,Fujian (rule-labelled),FN-0132,,,电弧放电,D2,single_fault,utility measurement; label assigned by GB/T 7252 three-ratio code (no inspection confirmation),603.768,100.139,86.807,29.193,0.2,1327.928,1193.863,False,,True,True
FN-0133,Fujian (rule-labelled),FN-0133,,,电弧放电,D2,single_fault,utility measurement; label assigned by GB/T 7252 three-ratio code (no inspection confirmation),0.85,0.0,0.12,0.2,0.2,0.0,122.447,False,,False,False
FN-0134,Fujian (rule-labelled),FN-0134,,,电弧放电,D2,single_fault,utility measurement; label assigned by GB/T 7252 three-ratio code (no inspection confirmation),634.901,0.0,0.12,0.2,0.2,0.0,877.331,False,,True,True
FN-0135,Fujian (rule-labelled),FN-0135,,,电弧放电,D2,single_fault,utility measurement; label assigned by GB/T 7252 three-ratio code (no inspection confirmation),722.048,49.56,69.022,58.624,0.2,537.283,901.415,False,,True,True
FN-0136,Fujian (rule-labelled),FN-0136,,,电弧放电,D2,single_fault,utility measurement; label assigned by GB/T 7252 three-ratio code (no inspection confirmation),997.817,48.027,15.009,31.318,2.52,0.0,0.0,False,,True,True
FN-0137,Fujian (rule-labelled),FN-0137,,,电弧放电,D2,single_fault,utility measurement; label assigned by GB/T 7252 three-ratio code (no inspection confirmation),214.73,205.051,1031.698,441.066,11.257,175.252,3188.956,False,,True,True
FN-0138,Fujian (rule-labelled),FN-0138,,,电弧放电,D2,single_fault,utility measurement; label assigned by GB/T 7252 three-ratio code (no inspection confirmation),773.316,20.274,0.12,0.2,6.494,427.084,1365.984,False,,True,True
FN-0139,Fujian (rule-labelled),FN-0139,,,电弧放电,D2,single_fault,utility measurement; label assigned by GB/T 7252 three-ratio code (no inspection confirmation),269.728,30.694,22.255,7.929,16.981,379.752,986.708,False,,True,True
FN-0140,Fujian (rule-labelled),FN-0140,,,电弧放电,D2,single_fault,utility measurement; label assigned by GB/T 7252 three-ratio code (no inspection confirmation),137.089,81.747,102.414,86.295,0.2,0.0,209.046,False,,True,True
FN-0141,Fujian (rule-labelled),FN-0141,,,电弧放电,D2,single_fault,utility measurement; label assigned by GB/T 7252 three-ratio code (no inspection confirmation),297.714,85.497,59.631,69.223,0.2,451.473,742.589,False,,True,True
FN-0142,Fujian (rule-labelled),FN-0142,,,电弧放电,D2,single_fault,utility measurement; label assigned by GB/T 7252 three-ratio code (no inspection confirmation),280.64,0.0,0.12,0.2,14.86,0.0,1026.313,False,,True,True
FN-0143,Fujian (rule-labelled),FN-0143,,,电弧放电,D2,single_fault,utility measurement; label assigned by GB/T 7252 three-ratio code (no inspection confirmation),41712.865,3160.173,105.408,89.772,317.754,0.0,3250.386,False,,True,True
FN-0144,Fujian (rule-labelled),FN-0144,,,电弧放电,D2,single_fault,utility measurement; label assigned by GB/T 7252 three-ratio code (no inspection confirmation),1160.238,32.665,0.12,0.2,11.374,271.713,1559.383,False,,True,True
FN-0145,Fujian (rule-labelled),FN-0145,,,电弧放电,D2,single_fault,utility measurement; label assigned by GB/T 7252 three-ratio code (no inspection confirmation),206.767,154.412,200.825,546.557,2.066,1779.803,6601.517,False,,True,True
FN-0146,Fujian (rule-labelled),FN-0146,,,电弧放电,D2,single_fault,utility measurement; label assigned by GB/T 7252 three-ratio code (no inspection confirmation),1692.815,52.784,66.582,263.318,10.87,486.773,296.897,False,,True,True
FN-0147,Fujian (rule-labelled),FN-0147,,,电弧放电,D2,single_fault,utility measurement; label assigned by GB/T 7252 three-ratio code (no inspection confirmation),962.303,18.873,29.519,10.334,0.2,0.0,0.0,False,,True,True
FN-0148,Fujian (rule-labelled),FN-0148,,,电弧放电,D2,single_fault,utility measurement; label assigned by GB/T 7252 three-ratio code (no inspection confirmation),1442.354,554.838,1627.14,2997.009,51.918,2032.849,5771.914,False,,True,True
FN-0149,Fujian (rule-labelled),FN-0149,,,电弧放电,D2,single_fault,utility measurement; label assigned by GB/T 7252 three-ratio code (no inspection confirmation),279.609,48.082,25.577,70.658,12.661,0.0,421.828,False,,True,True
FN-0150,Fujian (rule-labelled),FN-0150,,,电弧放电,D2,single_fault,utility measurement; label assigned by GB/T 7252 three-ratio code (no inspection confirmation),1030.896,0.0,0.12,0.2,5.649,178.816,699.485,False,,True,True
FN-0151,Fujian (rule-labelled),FN-0151,,,电弧放电,D2,single_fault,utility measurement; label assigned by GB/T 7252 three-ratio code (no inspection confirmation),787.047,42.675,0.12,0.2,10.568,47.657,1624.725,False,,True,True
FN-0152,Fujian (rule-labelled),FN-0152,,,电弧放电,D2,single_fault,utility measurement; label assigned by GB/T 7252 three-ratio code (no inspection confirmation),0.85,0.0,13.721,6.97,0.2,0.0,2207.707,False,,True,True
FN-0153,Fujian (rule-labelled),FN-0153,,,电弧放电,D2,single_fault,utility measurement; label assigned by GB/T 7252 three-ratio code (no inspection confirmation),652.096,22.44,16.56,25.142,1.667,0.0,438.771,False,,True,True
FN-0154,Fujian (rule-labelled),FN-0154,,,电弧放电,D2,single_fault,utility measurement; label assigned by GB/T 7252 three-ratio code (no inspection confirmation),851.417,25.361,16.686,49.914,2.499,901.021,7026.526,False,,True,True
FN-0155,Fujian (rule-labelled),FN-0155,,,电弧放电,D2,single_fault,utility measurement; label assigned by GB/T 7252 three-ratio code (no inspection confirmation),450.18,33.05,40.83,15.699,0.2,279.143,2052.298,False,,True,True
FN-0156,Fujian (rule-labelled),FN-0156,,,电弧放电,D2,single_fault,utility measurement; label assigned by GB/T 7252 three-ratio code (no inspection confirmation),150.191,48.424,50.857,49.715,0.2,820.056,2008.893,False,,True,True
FN-0157,Fujian (rule-labelled),FN-0157,,,电弧放电,D2,single_fault,utility measurement; label assigned by GB/T 7252 three-ratio code (no inspection confirmation),347.483,61.477,53.003,66.061,11.799,404.288,124.268,False,,True,True
FN-0158,Fujian (rule-labelled),FN-0158,,,电弧放电,D2,single_fault,utility measurement; label assigned by GB/T 7252 three-ratio code (no inspection confirmation),185.853,0.0,0.12,0.2,0.2,463.001,887.891,False,,True,True
FN-0159,Fujian (rule-labelled),FN-0159,,,电弧放电,D2,single_fault,utility measurement; label assigned by GB/T 7252 three-ratio code (no inspection confirmation),1855.337,278.051,1356.045,679.799,46.463,1489.582,3713.313,False,,True,True
FN-0160,Fujian (rule-labelled),FN-0160,,,电弧放电,D2,single_fault,utility measurement; label assigned by GB/T 7252 three-ratio code (no inspection confirmation),0.85,0.0,23.428,25.46,40.571,227.97,2837.014,False,,True,True
FN-0161,Fujian (rule-labelled),FN-0161,,,电弧放电,D2,single_fault,utility measurement; label assigned by GB/T 7252 three-ratio code (no inspection confirmation),2429.793,632.587,1579.222,2214.566,63.649,1039.102,5897.302,False,,True,True
FN-0162,Fujian (rule-labelled),FN-0162,,,电弧放电,D2,single_fault,utility measurement; label assigned by GB/T 7252 three-ratio code (no inspection confirmation),99.312,0.0,0.12,0.2,0.2,0.0,64.083,False,,False,False
FN-0163,Fujian (rule-labelled),FN-0163,,,电弧放电,D2,single_fault,utility measurement; label assigned by GB/T 7252 three-ratio code (no inspection confirmation),0.85,0.0,0.12,0.2,0.2,0.0,1628.965,False,,False,False
FN-0164,Fujian (rule-labelled),FN-0164,,,电弧放电,D2,single_fault,utility measurement; label assigned by GB/T 7252 three-ratio code (no inspection confirmation),980.492,51.942,0.12,0.2,7.342,455.799,1508.535,False,,True,True
FN-0165,Fujian (rule-labelled),FN-0165,,,电弧放电,D2,single_fault,utility measurement; label assigned by GB/T 7252 three-ratio code (no inspection confirmation),37753.234,4534.524,555.375,3336.169,446.225,951.015,6551.061,False,,True,True
FN-0166,Fujian (rule-labelled),FN-0166,,,电弧放电,D2,single_fault,utility measurement; label assigned by GB/T 7252 three-ratio code (no inspection confirmation),1014.431,81.622,35.567,62.089,7.377,506.247,960.681,False,,True,True
FN-0167,Fujian (rule-labelled),FN-0167,,,电弧放电,D2,single_fault,utility measurement; label assigned by GB/T 7252 three-ratio code (no inspection confirmation),453.047,120.832,110.176,71.568,28.491,1279.341,5486.421,False,,True,True
FN-0168,Fujian (rule-labelled),FN-0168,,,电弧放电,D2,single_fault,utility measurement; label assigned by GB/T 7252 three-ratio code (no inspection confirmation),515.523,183.002,49.297,43.649,16.133,418.171,1823.077,False,,True,True
FN-0169,Fujian (rule-labelled),FN-0169,,,电弧放电,D2,single_fault,utility measurement; label assigned by GB/T 7252 three-ratio code (no inspection confirmation),642.385,99.737,101.84,98.66,0.2,0.0,1026.856,False,,True,True
FN-0170,Fujian (rule-labelled),FN-0170,,,电弧放电,D2,single_fault,utility measurement; label assigned by GB/T 7252 three-ratio code (no inspection confirmation),1730.622,81.906,0.12,1.035,0.2,111.945,2637.259,False,,True,True
FN-0171,Fujian (rule-labelled),FN-0171,,,电弧放电,D2,single_fault,utility measurement; label assigned by GB/T 7252 three-ratio code (no inspection confirmation),159.42,135.175,1094.105,381.3,11.483,0.0,0.0,False,,True,True
FN-0172,Fujian (rule-labelled),FN-0172,,,电弧放电,D2,single_fault,utility measurement; label assigned by GB/T 7252 three-ratio code (no inspection confirmation),1850.545,535.361,994.087,1818.947,74.189,1072.347,8293.28,False,,True,True
FN-0173,Fujian (rule-labelled),FN-0173,,,电弧放电,D2,single_fault,utility measurement; label assigned by GB/T 7252 three-ratio code (no inspection confirmation),574.376,34.862,70.464,36.979,0.2,915.498,5725.997,False,,True,True
FN-0174,Fujian (rule-labelled),FN-0174,,,电弧放电,D2,single_fault,utility measurement; label assigned by GB/T 7252 three-ratio code (no inspection confirmation),151.242,78.311,21.54,58.112,2.956,0.0,0.0,False,,True,True
FN-0175,Fujian (rule-labelled),FN-0175,,,电弧放电,D2,single_fault,utility measurement; label assigned by GB/T 7252 three-ratio code (no inspection confirmation),126.149,17.445,0.12,0.2,0.2,150.747,0.0,False,,False,False
FN-0176,Fujian (rule-labelled),FN-0176,,,电弧放电,D2,single_fault,utility measurement; label assigned by GB/T 7252 three-ratio code (no inspection confirmation),644.089,66.34,39.208,27.248,5.682,924.036,1327.57,False,,True,True
FN-0177,Fujian (rule-labelled),FN-0177,,,电弧放电,D2,single_fault,utility measurement; label assigned by GB/T 7252 three-ratio code (no inspection confirmation),922.196,49.479,47.996,62.3,0.2,0.0,2134.936,False,,True,True
FN-0178,Fujian (rule-labelled),FN-0178,,,电弧放电,D2,single_fault,utility measurement; label assigned by GB/T 7252 three-ratio code (no inspection confirmation),342.476,0.0,0.12,0.2,4.593,0.0,317.106,False,,True,True
FN-0179,Fujian (rule-labelled),FN-0179,,,电弧放电,D2,single_fault,utility measurement; label assigned by GB/T 7252 three-ratio code (no inspection confirmation),934.371,90.394,86.224,72.191,14.97,0.0,755.784,False,,True,True
FN-0180,Fujian (rule-labelled),FN-0180,,,电弧放电,D2,single_fault,utility measurement; label assigned by GB/T 7252 three-ratio code (no inspection confirmation),88.805,33.997,30.346,35.933,16.852,73.172,3721.688,False,,True,True
FN-0181,Fujian (rule-labelled),FN-0181,,,电弧放电,D2,single_fault,utility measurement; label assigned by GB/T 7252 three-ratio code (no inspection confirmation),322.91,98.274,64.688,67.564,0.2,444.049,364.644,False,,True,True
FN-0182,Fujian (rule-labelled),FN-0182,,,电弧放电,D2,single_fault,utility measurement; label assigned by GB/T 7252 three-ratio code (no inspection confirmation),644.956,108.191,21.172,16.199,6.525,0.0,1192.688,False,,True,True
FN-0183,Fujian (rule-labelled),FN-0183,,,电弧放电,D2,single_fault,utility measurement; label assigned by GB/T 7252 three-ratio code (no inspection confirmation),1285.659,53.923,62.852,50.644,0.2,12.018,133.674,False,,True,True
FN-0184,Fujian (rule-labelled),FN-0184,,,电弧放电,D2,single_fault,utility measurement; label assigned by GB/T 7252 three-ratio code (no inspection confirmation),1293.989,97.03,58.454,64.784,9.208,99.493,581.223,False,,True,True
FN-0185,Fujian (rule-labelled),FN-0185,,,电弧放电,D2,single_fault,utility measurement; label assigned by GB/T 7252 three-ratio code (no inspection confirmation),1843.413,104.386,35.77,97.99,15.002,114.035,2726.012,False,,True,True
FN-0186,Fujian (rule-labelled),FN-0186,,,电弧放电,D2,single_fault,utility measurement; label assigned by GB/T 7252 three-ratio code (no inspection confirmation),0.85,0.0,0.12,0.2,0.2,0.0,403.66,False,,False,False
FN-0187,Fujian (rule-labelled),FN-0187,,,电弧放电,D2,single_fault,utility measurement; label assigned by GB/T 7252 three-ratio code (no inspection confirmation),1079.582,20.815,49.227,23.976,0.2,0.0,709.44,False,,True,True
FN-0188,Fujian (rule-labelled),FN-0188,,,电弧放电,D2,single_fault,utility measurement; label assigned by GB/T 7252 three-ratio code (no inspection confirmation),741.561,19.329,50.43,45.48,0.2,0.0,0.0,False,,True,True
FN-0189,Fujian (rule-labelled),FN-0189,,,电弧放电,D2,single_fault,utility measurement; label assigned by GB/T 7252 three-ratio code (no inspection confirmation),784.871,134.291,491.224,353.936,23.549,572.535,215.112,False,,True,True
FN-0190,Fujian (rule-labelled),FN-0190,,,电弧放电,D2,single_fault,utility measurement; label assigned by GB/T 7252 three-ratio code (no inspection confirmation),344787.285,1146.972,8477.674,3917.962,96.218,81872.824,5630.385,False,,True,True
FN-0191,Fujian (rule-labelled),FN-0191,,,电弧放电,D2,single_fault,utility measurement; label assigned by GB/T 7252 three-ratio code (no inspection confirmation),0.85,0.0,35.592,40.873,0.2,0.0,1499.279,False,,True,True
FN-0192,Fujian (rule-labelled),FN-0192,,,电弧放电,D2,duplicate,utility measurement; label assigned by GB/T 7252 three-ratio code (no inspection confirmation),0.85,0.0,0.12,0.2,0.2,0.0,0.0,False,FN-0021,False,False
FN-0193,Fujian (rule-labelled),FN-0193,,,电弧放电,D2,single_fault,utility measurement; label assigned by GB/T 7252 three-ratio code (no inspection confirmation),22.515,0.0,9.825,70.39,0.2,1176.035,4249.816,False,,True,True
FN-0194,Fujian (rule-labelled),FN-0194,,,电弧放电,D2,single_fault,utility measurement; label assigned by GB/T 7252 three-ratio code (no inspection confirmation),471.607,0.0,15.744,19.36,0.2,81.024,1073.892,False,,True,True
FN-0195,Fujian (rule-labelled),FN-0195,,,电弧放电,D2,single_fault,utility measurement; label assigned by GB/T 7252 three-ratio code (no inspection confirmation),1712.171,566.375,355.673,1253.305,644.371,2821.799,5818.285,False,,True,True
FN-0196,Fujian (rule-labelled),FN-0196,,,电弧放电,D2,single_fault,utility measurement; label assigned by GB/T 7252 three-ratio code (no inspection confirmation),803.935,65.565,56.457,89.209,15.894,1242.343,8572.745,False,,True,True
FN-0197,Fujian (rule-labelled),FN-0197,,,电弧放电,D2,single_fault,utility measurement; label assigned by GB/T 7252 three-ratio code (no inspection confirmation),203.522,0.0,4.31,19.48,5.514,0.0,1175.041,False,,True,True
FN-0198,Fujian (rule-labelled),FN-0198,,,电弧放电,D2,single_fault,utility measurement; label assigned by GB/T 7252 three-ratio code (no inspection confirmation),166.391,29.984,21.927,20.961,23.53,428.688,1875.916,False,,True,True
FN-0199,Fujian (rule-labelled),FN-0199,,,电弧放电,D2,single_fault,utility measurement; label assigned by GB/T 7252 three-ratio code (no inspection confirmation),1360.693,360.914,774.966,1358.194,698.63,2259.279,6211.265,False,,True,True
FN-0200,Fujian (rule-labelled),FN-0200,,,电弧放电,D2,single_fault,utility measurement; label assigned by GB/T 7252 three-ratio code (no inspection confirmation),222.831,0.0,14.033,35.314,0.2,366.483,3521.187,False,,True,True
FN-0201,Fujian (rule-labelled),FN-0201,,,电弧放电,D2,single_fault,utility measurement; label assigned by GB/T 7252 three-ratio code (no inspection confirmation),438.045,162.291,26.774,81.152,12.975,455.969,1976.162,False,,True,True
FN-0202,Fujian (rule-labelled),FN-0202,,,电弧放电,D2,single_fault,utility measurement; label assigned by GB/T 7252 three-ratio code (no inspection confirmation),43062.572,1091.284,4896.13,2660.588,700.642,16920.063,6013.364,False,,True,True
FN-0203,Fujian (rule-labelled),FN-0203,,,电弧放电,D2,single_fault,utility measurement; label assigned by GB/T 7252 three-ratio code (no inspection confirmation),164.921,75.003,14.151,4.981,25.298,357.939,776.681,False,,True,True
FN-0204,Fujian (rule-labelled),FN-0204,,,电弧放电,D2,single_fault,utility measurement; label assigned by GB/T 7252 three-ratio code (no inspection confirmation),673.5,36.581,33.03,86.895,0.2,1288.917,5197.371,False,,True,True
FN-0205,Fujian (rule-labelled),FN-0205,,,电弧放电,D2,single_fault,utility measurement; label assigned by GB/T 7252 three-ratio code (no inspection confirmation),527.295,0.0,0.12,0.2,0.2,0.0,2509.97,False,,True,True
FN-0206,Fujian (rule-labelled),FN-0206,,,电弧放电,D2,single_fault,utility measurement; label assigned by GB/T 7252 three-ratio code (no inspection confirmation),1400.208,106.586,102.299,100.093,18.337,0.0,3059.583,False,,True,True
FN-0207,Fujian (rule-labelled),FN-0207,,,电弧放电,D2,single_fault,utility measurement; label assigned by GB/T 7252 three-ratio code (no inspection confirmation),172.797,54.419,87.89,101.83,0.2,1082.278,1302.789,False,,True,True
FN-0208,Fujian (rule-labelled),FN-0208,,,电弧放电,D2,single_fault,utility measurement; label assigned by GB/T 7252 three-ratio code (no inspection confirmation),1174.801,707.799,1326.866,3015.608,47.451,1872.302,7707.987,False,,True,True
FN-0209,Fujian (rule-labelled),FN-0209,,,电弧放电,D2,single_fault,utility measurement; label assigned by GB/T 7252 three-ratio code (no inspection confirmation),446.719,20.295,35.891,17.127,11.617,620.688,2354.824,False,,True,True
FN-0210,Fujian (rule-labelled),FN-0210,,,电弧放电,D2,single_fault,utility measurement; label assigned by GB/T 7252 three-ratio code (no inspection confirmation),270.128,105.348,138.664,283.579,8.276,227.143,4518.029,False,,True,True
FN-0211,Fujian (rule-labelled),FN-0211,,,电弧放电,D2,single_fault,utility measurement; label assigned by GB/T 7252 three-ratio code (no inspection confirmation),10.823,9.898,0.12,0.2,0.2,0.0,0.0,False,,False,False
FN-0212,Fujian (rule-labelled),FN-0212,,,电弧放电,D2,single_fault,utility measurement; label assigned by GB/T 7252 three-ratio code (no inspection confirmation),39028.492,751.045,147.955,673.214,6228.585,25466.805,8060.263,False,,True,True
FN-0213,Fujian (rule-labelled),FN-0213,,,电弧放电,D2,single_fault,utility measurement; label assigned by GB/T 7252 three-ratio code (no inspection confirmation),859.957,78.151,49.107,40.08,0.2,1180.968,9237.925,False,,True,True
FN-0214,Fujian (rule-labelled),FN-0214,,,电弧放电,D2,single_fault,utility measurement; label assigned by GB/T 7252 three-ratio code (no inspection confirmation),642.157,60.414,15.261,40.414,20.898,640.145,1971.402,False,,True,True
FN-0215,Fujian (rule-labelled),FN-0215,,,电弧放电,D2,single_fault,utility measurement; label assigned by GB/T 7252 three-ratio code (no inspection confirmation),427.846,3.356,0.12,0.2,6.498,0.0,2960.02,False,,True,True
FN-0216,Fujian (rule-labelled),FN-0216,,,电弧放电,D2,single_fault,utility measurement; label assigned by GB/T 7252 three-ratio code (no inspection confirmation),966.709,60.214,62.565,44.679,11.81,0.0,43.891,False,,True,True
FN-0217,Fujian (rule-labelled),FN-0217,,,电弧放电,D2,single_fault,utility measurement; label assigned by GB/T 7252 three-ratio code (no inspection confirmation),581.313,252.605,1013.706,509.669,27.987,1321.085,8933.702,False,,True,True
FN-0218,Fujian (rule-labelled),FN-0218,,,电弧放电,D2,single_fault,utility measurement; label assigned by GB/T 7252 three-ratio code (no inspection confirmation),1124.353,104.046,16.177,55.812,33.781,1501.508,748.645,False,,True,True
FN-0219,Fujian (rule-labelled),FN-0219,,,电弧放电,D2,single_fault,utility measurement; label assigned by GB/T 7252 three-ratio code (no inspection confirmation),1558.157,86.927,35.88,26.039,36.73,808.508,1027.282,False,,True,True
FN-0220,Fujian (rule-labelled),FN-0220,,,电弧放电,D2,single_fault,utility measurement; label assigned by GB/T 7252 three-ratio code (no inspection confirmation),0.85,0.0,11.962,15.625,28.652,0.0,607.016,False,,True,True
FN-0221,Fujian (rule-labelled),FN-0221,,,电弧放电,D2,single_fault,utility measurement; label assigned by GB/T 7252 three-ratio code (no inspection confirmation),875.166,8.207,12.252,91.036,0.2,1170.04,2512.467,False,,True,True
FN-0222,Fujian (rule-labelled),FN-0222,,,电弧放电,D2,single_fault,utility measurement; label assigned by GB/T 7252 three-ratio code (no inspection confirmation),4082.103,1208.206,7619.638,3998.349,112.699,28346.592,8274.622,False,,True,True
FN-0223,Fujian (rule-labelled),FN-0223,,,电弧放电,D2,single_fault,utility measurement; label assigned by GB/T 7252 three-ratio code (no inspection confirmation),2992.999,583.905,1539.651,1567.374,69.17,1981.136,6481.634,False,,True,True
FN-0224,Fujian (rule-labelled),FN-0224,,,电弧放电,D2,single_fault,utility measurement; label assigned by GB/T 7252 three-ratio code (no inspection confirmation),1182.784,77.892,59.081,32.25,26.632,1353.576,2620.269,False,,True,True
FN-0225,Fujian (rule-labelled),FN-0225,,,电弧放电,D2,single_fault,utility measurement; label assigned by GB/T 7252 three-ratio code (no inspection confirmation),1530.783,122.859,89.742,73.717,19.179,0.0,281.242,False,,True,True
FN-0226,Fujian (rule-labelled),FN-0226,,,电弧放电,D2,single_fault,utility measurement; label assigned by GB/T 7252 three-ratio code (no inspection confirmation),655.501,2.208,0.12,0.2,0.2,154.461,1266.299,False,,True,True
FN-0227,Fujian (rule-labelled),FN-0227,,,电弧放电,D2,single_fault,utility measurement; label assigned by GB/T 7252 three-ratio code (no inspection confirmation),2550.452,1373.091,8028.372,4269.475,68.173,1027.948,2839.23,False,,True,True
FN-0228,Fujian (rule-labelled),FN-0228,,,电弧放电,D2,single_fault,utility measurement; label assigned by GB/T 7252 three-ratio code (no inspection confirmation),3025.187,966.189,6263.686,3784.513,90.3,15096.953,7545.014,False,,True,True
FN-0229,Fujian (rule-labelled),FN-0229,,,电弧放电,D2,single_fault,utility measurement; label assigned by GB/T 7252 three-ratio code (no inspection confirmation),321070.643,14963.276,7726.763,4255.519,52.238,12132.816,2505.417,False,,True,True
FN-0230,Fujian (rule-labelled),FN-0230,,,电弧放电,D2,single_fault,utility measurement; label assigned by GB/T 7252 three-ratio code (no inspection confirmation),386.694,81.599,85.208,38.3,8.204,1160.427,1453.311,False,,True,True
FN-0231,Fujian (rule-labelled),FN-0231,,,电弧放电,D2,single_fault,utility measurement; label assigned by GB/T 7252 three-ratio code (no inspection confirmation),472.256,0.0,15.143,25.027,0.2,0.0,295.206,False,,True,True
FN-0232,Fujian (rule-labelled),FN-0232,,,电弧放电,D2,single_fault,utility measurement; label assigned by GB/T 7252 three-ratio code (no inspection confirmation),387.003,78.911,48.139,32.555,0.2,0.0,0.0,False,,True,True
FN-0233,Fujian (rule-labelled),FN-0233,,,电弧放电,D2,single_fault,utility measurement; label assigned by GB/T 7252 three-ratio code (no inspection confirmation),116.407,7.38,7.548,8.412,0.2,464.973,1398.386,False,,True,True
FN-0234,Fujian (rule-labelled),FN-0234,,,电弧放电,D2,single_fault,utility measurement; label assigned by GB/T 7252 three-ratio code (no inspection confirmation),321.646,40.673,16.909,52.553,18.603,0.0,309.215,False,,True,True
FN-0235,Fujian (rule-labelled),FN-0235,,,电弧放电,D2,single_fault,utility measurement; label assigned by GB/T 7252 three-ratio code (no inspection confirmation),1255.943,45.479,14.458,37.399,0.2,780.139,3757.464,False,,True,True
FN-0236,Fujian (rule-labelled),FN-0236,,,电弧放电,D2,single_fault,utility measurement; label assigned by GB/T 7252 three-ratio code (no inspection confirmation),1481.301,101.327,96.639,91.617,25.123,0.0,3126.593,False,,True,True
FN-0237,Fujian (rule-labelled),FN-0237,,,电弧放电,D2,single_fault,utility measurement; label assigned by GB/T 7252 three-ratio code (no inspection confirmation),506.511,45.394,73.268,42.884,11.249,0.0,1620.544,False,,True,True
FN-0238,Fujian (rule-labelled),FN-0238,,,电弧放电,D2,single_fault,utility measurement; label assigned by GB/T 7252 three-ratio code (no inspection confirmation),762.816,51.48,9.831,6.338,11.202,830.229,8733.566,False,,True,True
FN-0239,Fujian (rule-labelled),FN-0239,,,电弧放电,D2,single_fault,utility measurement; label assigned by GB/T 7252 three-ratio code (no inspection confirmation),514.052,114.153,116.824,238.398,0.2,1177.715,2651.014,False,,True,True
FN-0240,Fujian (rule-labelled),FN-0240,,,电弧放电,D2,single_fault,utility measurement; label assigned by GB/T 7252 three-ratio code (no inspection confirmation),774.363,34.621,28.892,32.931,30.89,0.0,1218.391,False,,True,True
FN-0241,Fujian (rule-labelled),FN-0241,,,电弧放电,D2,single_fault,utility measurement; label assigned by GB/T 7252 three-ratio code (no inspection confirmation),1091.841,89.648,22.976,76.63,25.851,1392.721,765.231,False,,True,True
FN-0242,Fujian (rule-labelled),FN-0242,,,电弧放电,D2,single_fault,utility measurement; label assigned by GB/T 7252 three-ratio code (no inspection confirmation),1890.505,847.488,1088.498,1936.897,43.123,1343.995,4335.464,False,,True,True
FN-0243,Fujian (rule-labelled),FN-0243,,,电弧放电,D2,single_fault,utility measurement; label assigned by GB/T 7252 three-ratio code (no inspection confirmation),0.85,0.0,0.12,0.2,25.321,0.0,419.326,False,,False,False
FN-0244,Fujian (rule-labelled),FN-0244,,,电弧放电,D2,single_fault,utility measurement; label assigned by GB/T 7252 three-ratio code (no inspection confirmation),0.85,0.0,0.12,0.2,0.2,1133.969,1169.92,False,,False,False
FN-0245,Fujian (rule-labelled),FN-0245,,,电弧放电,D2,single_fault,utility measurement; label assigned by GB/T 7252 three-ratio code (no inspection confirmation),254.363,140.68,125.672,81.827,0.2,1026.999,5053.75,False,,True,True
FN-0246,Fujian (rule-labelled),FN-0246,,,电弧放电,D2,single_fault,utility measurement; label assigned by GB/T 7252 three-ratio code (no inspection confirmation),158.092,42.601,27.362,27.852,10.577,0.0,1370.482,False,,True,True
FN-0247,Fujian (rule-labelled),FN-0247,,,电弧放电,D2,single_fault,utility measurement; label assigned by GB/T 7252 three-ratio code (no inspection confirmation),808.951,99.707,47.174,77.656,178.665,220.437,1405.664,False,,True,True
FN-0248,Fujian (rule-labelled),FN-0248,,,电弧放电,D2,single_fault,utility measurement; label assigned by GB/T 7252 three-ratio code (no inspection confirmation),301.522,60.583,102.063,135.291,12.727,465.986,8223.395,False,,True,True
FN-0249,Fujian (rule-labelled),FN-0249,,,电弧放电,D2,single_fault,utility measurement; label assigned by GB/T 7252 three-ratio code (no inspection confirmation),73.464,0.0,0.12,0.2,0.2,804.221,3243.932,False,,False,False
FN-0250,Fujian (rule-labelled),FN-0250,,,电弧放电,D2,single_fault,utility measurement; label assigned by GB/T 7252 three-ratio code (no inspection confirmation),542.467,116.341,108.503,62.2,4.929,1221.505,1782.155,False,,True,True
FN-0251,Fujian (rule-labelled),FN-0251,,,电弧放电,D2,single_fault,utility measurement; label assigned by GB/T 7252 three-ratio code (no inspection confirmation),293.817,75.944,53.063,57.451,0.2,733.35,0.0,False,,True,True
FN-0252,Fujian (rule-labelled),FN-0252,,,电弧放电,D2,single_fault,utility measurement; label assigned by GB/T 7252 three-ratio code (no inspection confirmation),529.039,50.68,44.571,89.296,20.605,0.0,705.588,False,,True,True
FN-0253,Fujian (rule-labelled),FN-0253,,,电弧放电,D2,single_fault,utility measurement; label assigned by GB/T 7252 three-ratio code (no inspection confirmation),1241.274,892.132,1365.773,2966.905,617.598,994.27,7425.723,False,,True,True
FN-0254,Fujian (rule-labelled),FN-0254,,,电弧放电,D2,single_fault,utility measurement; label assigned by GB/T 7252 three-ratio code (no inspection confirmation),737.804,279.381,903.549,489.764,25.71,1134.255,2967.302,False,,True,True
FN-0255,Fujian (rule-labelled),FN-0255,,,电弧放电,D2,single_fault,utility measurement; label assigned by GB/T 7252 three-ratio code (no inspection confirmation),578.366,58.324,11.828,18.639,0.2,172.388,0.0,False,,True,True
FN-0256,Fujian (rule-labelled),FN-0256,,,电弧放电,D2,single_fault,utility measurement; label assigned by GB/T 7252 three-ratio code (no inspection confirmation),3465.001,1292.011,1416.416,558.105,73.476,1779.37,4186.29,False,,True,True
FN-0257,Fujian (rule-labelled),FN-0257,,,电弧放电,D2,single_fault,utility measurement; label assigned by GB/T 7252 three-ratio code (no inspection confirmation),532.86,30.653,41.668,45.086,1.777,0.0,350.002,False,,True,True
FN-0258,Fujian (rule-labelled),FN-0258,,,电弧放电,D2,single_fault,utility measurement; label assigned by GB/T 7252 three-ratio code (no inspection confirmation),0.85,0.0,0.12,0.639,0.2,986.352,1927.516,False,,False,False
FN-0259,Fujian (rule-labelled),FN-0259,,,电弧放电,D2,single_fault,utility measurement; label assigned by GB/T 7252 three-ratio code (no inspection confirmation),1609.419,59.987,51.798,54.176,0.2,503.87,1997.085,False,,True,True
FN-0260,Fujian (rule-labelled),FN-0260,,,电弧放电,D2,single_fault,utility measurement; label assigned by GB/T 7252 three-ratio code (no inspection confirmation),818.806,125.69,136.191,52.107,12.746,909.987,2899.969,False,,True,True
FN-0261,Fujian (rule-labelled),FN-0261,,,电弧放电,D2,single_fault,utility measurement; label assigned by GB/T 7252 three-ratio code (no inspection confirmation),123.881,36.875,43.827,72.496,0.2,244.514,492.192,False,,True,True
FN-0262,Fujian (rule-labelled),FN-0262,,,电弧放电,D2,single_fault,utility measurement; label assigned by GB/T 7252 three-ratio code (no inspection confirmation),1652.292,142.128,52.316,78.533,3.481,0.0,974.876,False,,True,True
FN-0263,Fujian (rule-labelled),FN-0263,,,电弧放电,D2,single_fault,utility measurement; label assigned by GB/T 7252 three-ratio code (no inspection confirmation),966.561,53.601,71.017,73.893,7.821,0.0,605.894,False,,True,True
FN-0264,Fujian (rule-labelled),FN-0264,,,电弧放电,D2,single_fault,utility measurement; label assigned by GB/T 7252 three-ratio code (no inspection confirmation),437.045,36.981,35.682,26.727,5.193,795.098,3224.48,False,,True,True
FN-0265,Fujian (rule-labelled),FN-0265,,,电弧放电,D2,single_fault,utility measurement; label assigned by GB/T 7252 three-ratio code (no inspection confirmation),961.857,0.0,0.12,0.2,17.69,0.0,1336.485,False,,True,True
FN-0266,Fujian (rule-labelled),FN-0266,,,电弧放电,D2,single_fault,utility measurement; label assigned by GB/T 7252 three-ratio code (no inspection confirmation),50608.131,4978.201,4183.062,2020.905,388.738,1246.665,2503.724,False,,True,True
FN-0267,Fujian (rule-labelled),FN-0267,,,电弧放电,D2,single_fault,utility measurement; label assigned by GB/T 7252 three-ratio code (no inspection confirmation),811.525,0.0,0.12,0.2,0.2,963.51,3134.546,False,,True,True
FN-0268,Fujian (rule-labelled),FN-0268,,,电弧放电,D2,single_fault,utility measurement; label assigned by GB/T 7252 three-ratio code (no inspection confirmation),1034.588,99.399,772.446,295.262,32.084,30.402,3312.367,False,,True,True
FN-0269,Fujian (rule-labelled),FN-0269,,,电弧放电,D2,single_fault,utility measurement; label assigned by GB/T 7252 three-ratio code (no inspection confirmation),487.923,31.67,18.728,27.534,10.824,7.542,90.889,False,,True,True
FN-0270,Fujian (rule-labelled),FN-0270,,,电弧放电,D2,single_fault,utility measurement; label assigned by GB/T 7252 three-ratio code (no inspection confirmation),1183.539,227.144,807.024,399.199,37.07,988.456,2077.553,False,,True,True
FN-0271,Fujian (rule-labelled),FN-0271,,,电弧放电,D2,single_fault,utility measurement; label assigned by GB/T 7252 three-ratio code (no inspection confirmation),615.484,51.631,23.361,24.482,9.361,0.0,1392.504,False,,True,True
FN-0272,Fujian (rule-labelled),FN-0272,,,电弧放电,D2,single_fault,utility measurement; label assigned by GB/T 7252 three-ratio code (no inspection confirmation),489.903,31.114,50.609,46.332,0.2,34.963,3556.91,False,,True,True
FN-0273,Fujian (rule-labelled),FN-0273,,,电弧放电,D2,single_fault,utility measurement; label assigned by GB/T 7252 three-ratio code (no inspection confirmation),217.656,82.507,83.033,85.232,0.2,0.0,888.387,False,,True,True
FN-0274,Fujian (rule-labelled),FN-0274,,,电弧放电,D2,single_fault,utility measurement; label assigned by GB/T 7252 three-ratio code (no inspection confirmation),2050.867,166.282,145.111,405.816,20.758,994.917,1004.258,False,,True,True
FN-0275,Fujian (rule-labelled),FN-0275,,,电弧放电,D2,single_fault,utility measurement; label assigned by GB/T 7252 three-ratio code (no inspection confirmation),179.595,80.19,77.694,29.737,20.177,0.0,0.0,False,,True,True
FN-0276,Fujian (rule-labelled),FN-0276,,,电弧放电,D2,single_fault,utility measurement; label assigned by GB/T 7252 three-ratio code (no inspection confirmation),0.85,0.0,0.12,0.2,15.885,185.887,0.0,False,,False,False
FN-0277,Fujian (rule-labelled),FN-0277,,,电弧放电,D2,single_fault,utility measurement; label assigned by GB/T 7252 three-ratio code (no inspection confirmation),438.462,63.628,44.812,20.293,0.2,0.0,704.646,False,,True,True
FN-0278,Fujian (rule-labelled),FN-0278,,,电弧放电,D2,single_fault,utility measurement; label assigned by GB/T 7252 three-ratio code (no inspection confirmation),0.85,0.0,0.12,0.2,10.965,244.326,660.407,False,,False,False
FN-0279,Fujian (rule-labelled),FN-0279,,,电弧放电,D2,single_fault,utility measurement; label assigned by GB/T 7252 three-ratio code (no inspection confirmation),992.66,58.739,12.568,5.775,0.2,0.0,0.0,False,,True,True
FN-0280,Fujian (rule-labelled),FN-0280,,,电弧放电,D2,single_fault,utility measurement; label assigned by GB/T 7252 three-ratio code (no inspection confirmation),99.196,39.528,6.02,23.163,5.267,461.083,2267.043,False,,True,True
FN-0281,Fujian (rule-labelled),FN-0281,,,电弧放电,D2,single_fault,utility measurement; label assigned by GB/T 7252 three-ratio code (no inspection confirmation),596.834,58.611,61.692,37.837,0.2,484.281,237.687,False,,True,True
FN-0282,Fujian (rule-labelled),FN-0282,,,电弧放电,D2,single_fault,utility measurement; label assigned by GB/T 7252 three-ratio code (no inspection confirmation),2498.408,236.938,845.478,437.852,68.552,905.706,2215.766,False,,True,True
FN-0283,Fujian (rule-labelled),FN-0283,,,电弧放电,D2,single_fault,utility measurement; label assigned by GB/T 7252 three-ratio code (no inspection confirmation),914.579,2.128,1.618,7.594,36.493,0.0,1584.597,False,,True,True
FN-0284,Fujian (rule-labelled),FN-0284,,,电弧放电,D2,single_fault,utility measurement; label assigned by GB/T 7252 three-ratio code (no inspection confirmation),742.599,196.951,1020.563,460.765,0.2,1229.848,9064.527,False,,True,True
FN-0285,Fujian (rule-labelled),FN-0285,,,电弧放电,D2,single_fault,utility measurement; label assigned by GB/T 7252 three-ratio code (no inspection confirmation),391.695,88.643,130.187,311.292,0.2,1042.88,1941.701,False,,True,True
FN-0286,Fujian (rule-labelled),FN-0286,,,电弧放电,D2,single_fault,utility measurement; label assigned by GB/T 7252 three-ratio code (no inspection confirmation),936.593,137.473,109.095,178.691,4.411,1184.0,5252.341,False,,True,True
FN-0287,Fujian (rule-labelled),FN-0287,,,电弧放电,D2,single_fault,utility measurement; label assigned by GB/T 7252 three-ratio code (no inspection confirmation),0.85,0.0,0.12,0.2,0.2,582.264,3345.202,False,,False,False
FN-0288,Fujian (rule-labelled),FN-0288,,,电弧放电,D2,single_fault,utility measurement; label assigned by GB/T 7252 three-ratio code (no inspection confirmation),262.429,66.146,41.129,63.221,29.6,833.78,1824.452,False,,True,True
FN-0289,Fujian (rule-labelled),FN-0289,,,电弧放电,D2,single_fault,utility measurement; label assigned by GB/T 7252 three-ratio code (no inspection confirmation),1148.999,59.543,44.558,48.027,12.74,0.0,1591.954,False,,True,True
FN-0290,Fujian (rule-labelled),FN-0290,,,电弧放电,D2,single_fault,utility measurement; label assigned by GB/T 7252 three-ratio code (no inspection confirmation),1174.913,110.487,87.662,85.221,38.204,881.215,2663.875,False,,True,True
FN-0291,Fujian (rule-labelled),FN-0291,,,电弧放电,D2,single_fault,utility measurement; label assigned by GB/T 7252 three-ratio code (no inspection confirmation),1042.732,814.742,3295.039,1748.235,573.365,506.175,2127.837,False,,True,True
FN-0292,Fujian (rule-labelled),FN-0292,,,电弧放电,D2,single_fault,utility measurement; label assigned by GB/T 7252 three-ratio code (no inspection confirmation),0.85,0.643,0.12,0.2,3.55,467.216,4308.661,False,,False,False
FN-0293,Fujian (rule-labelled),FN-0293,,,电弧放电,D2,single_fault,utility measurement; label assigned by GB/T 7252 three-ratio code (no inspection confirmation),3421.467,1014.702,9348.78,5004.608,77.992,16601.082,2065.174,False,,True,True
FN-0294,Fujian (rule-labelled),FN-0294,,,电弧放电,D2,single_fault,utility measurement; label assigned by GB/T 7252 three-ratio code (no inspection confirmation),797.284,105.608,57.203,41.705,32.523,247.711,1706.86,False,,True,True
FN-0295,Fujian (rule-labelled),FN-0295,,,电弧放电,D2,single_fault,utility measurement; label assigned by GB/T 7252 three-ratio code (no inspection confirmation),1094.871,91.23,97.008,66.111,8.642,0.0,1986.002,False,,True,True
FN-0296,Fujian (rule-labelled),FN-0296,,,电弧放电,D2,single_fault,utility measurement; label assigned by GB/T 7252 three-ratio code (no inspection confirmation),406.074,36.113,5.746,2.109,6.19,0.0,501.732,False,,True,True
FN-0297,Fujian (rule-labelled),FN-0297,,,电弧放电,D2,single_fault,utility measurement; label assigned by GB/T 7252 three-ratio code (no inspection confirmation),469.167,26.358,37.09,26.085,0.2,0.0,604.051,False,,True,True
FN-0298,Fujian (rule-labelled),FN-0298,,,电弧放电,D2,single_fault,utility measurement; label assigned by GB/T 7252 three-ratio code (no inspection confirmation),2360.09,175.099,371.327,359.413,44.218,170.626,416.723,False,,True,True
FN-0299,Fujian (rule-labelled),FN-0299,,,电弧放电,D2,single_fault,utility measurement; label assigned by GB/T 7252 three-ratio code (no inspection confirmation),221.832,47.389,0.12,0.2,9.45,514.463,1353.433,False,,True,True
FN-0300,Fujian (rule-labelled),FN-0300,,,电弧放电,D2,single_fault,utility measurement; label assigned by GB/T 7252 three-ratio code (no inspection confirmation),42825.295,172.662,92.546,125.374,245.527,52.565,2129.254,False,,True,True
FN-0301,Fujian (rule-labelled),FN-0301,,,电弧放电,D2,single_fault,utility measurement; label assigned by GB/T 7252 three-ratio code (no inspection confirmation),0.85,0.0,0.12,0.2,0.2,236.724,28.286,False,,False,False
FN-0302,Fujian (rule-labelled),FN-0302,,,电弧放电,D2,single_fault,utility measurement; label assigned by GB/T 7252 three-ratio code (no inspection confirmation),447.355,31.883,30.2,27.247,11.629,494.172,3328.311,False,,True,True
FN-0303,Fujian (rule-labelled),FN-0303,,,电弧放电,D2,single_fault,utility measurement; label assigned by GB/T 7252 three-ratio code (no inspection confirmation),56780.638,614.155,1100.004,1966.175,798.862,175004.556,39653.297,False,,True,True
FN-0304,Fujian (rule-labelled),FN-0304,,,电弧放电,D2,single_fault,utility measurement; label assigned by GB/T 7252 three-ratio code (no inspection confirmation),1154.574,163.38,266.084,352.673,56.045,196.245,3348.304,False,,True,True
FN-0305,Fujian (rule-labelled),FN-0305,,,电弧放电,D2,single_fault,utility measurement; label assigned by GB/T 7252 three-ratio code (no inspection confirmation),387.313,120.465,144.053,143.538,0.2,150.849,2891.068,False,,True,True
FN-0306,Fujian (rule-labelled),FN-0306,,,电弧放电,D2,single_fault,utility measurement; label assigned by GB/T 7252 three-ratio code (no inspection confirmation),550.766,80.067,60.643,93.473,0.2,2273.079,4080.922,False,,True,True
FN-0307,Fujian (rule-labelled),FN-0307,,,电弧放电,D2,single_fault,utility measurement; label assigned by GB/T 7252 three-ratio code (no inspection confirmation),2370.882,266.484,890.094,2270.782,82.605,3161.481,4649.014,False,,True,True
FN-0308,Fujian (rule-labelled),FN-0308,,,电弧放电,D2,single_fault,utility measurement; label assigned by GB/T 7252 three-ratio code (no inspection confirmation),1003.361,149.576,90.32,98.07,0.2,0.0,1019.994,False,,True,True
FN-0309,Fujian (rule-labelled),FN-0309,,,电弧放电,D2,single_fault,utility measurement; label assigned by GB/T 7252 three-ratio code (no inspection confirmation),292.954,64.916,11.306,30.601,9.044,0.0,380.842,False,,True,True
FN-0310,Fujian (rule-labelled),FN-0310,,,电弧放电,D2,single_fault,utility measurement; label assigned by GB/T 7252 three-ratio code (no inspection confirmation),0.85,0.0,8.71,10.579,0.2,0.725,857.62,False,,True,True
FN-0311,Fujian (rule-labelled),FN-0311,,,电弧放电,D2,single_fault,utility measurement; label assigned by GB/T 7252 three-ratio code (no inspection confirmation),59405.221,4152.482,2.509,18.222,301.065,146.419,3929.686,False,,True,True
FN-0312,Fujian (rule-labelled),FN-0312,,,电弧放电,D2,single_fault,utility measurement; label assigned by GB/T 7252 three-ratio code (no inspection confirmation),398.556,65.812,76.845,115.727,0.2,890.129,5961.183,False,,True,True
FN-0313,Fujian (rule-labelled),FN-0313,,,电弧放电,D2,single_fault,utility measurement; label assigned by GB/T 7252 three-ratio code (no inspection confirmation),582.195,146.543,87.601,78.216,25.073,1037.164,3408.89,False,,True,True
FN-0314,Fujian (rule-labelled),FN-0314,,,电弧放电,D2,single_fault,utility measurement; label assigned by GB/T 7252 three-ratio code (no inspection confirmation),3455.966,1142.334,1134.045,4355.17,76.069,1998.658,7198.202,False,,True,True
FN-0315,Fujian (rule-labelled),FN-0315,,,电弧放电,D2,single_fault,utility measurement; label assigned by GB/T 7252 three-ratio code (no inspection confirmation),1542.65,88.566,51.369,43.942,0.2,155.327,0.0,False,,True,True
FN-0316,Fujian (rule-labelled),FN-0316,,,电弧放电,D2,single_fault,utility measurement; label assigned by GB/T 7252 three-ratio code (no inspection confirmation),39252.788,4096.829,44.068,27.622,333.575,475.253,1649.279,False,,True,True
FN-0317,Fujian (rule-labelled),FN-0317,,,电弧放电,D2,single_fault,utility measurement; label assigned by GB/T 7252 three-ratio code (no inspection confirmation),151.463,31.289,47.872,34.152,19.311,0.0,1566.705,False,,True,True
FN-0318,Fujian (rule-labelled),FN-0318,,,电弧放电,D2,single_fault,utility measurement; label assigned by GB/T 7252 three-ratio code (no inspection confirmation),154.319,23.424,22.117,63.123,19.675,514.231,6554.352,False,,True,True
FN-0319,Fujian (rule-labelled),FN-0319,,,电弧放电,D2,single_fault,utility measurement; label assigned by GB/T 7252 three-ratio code (no inspection confirmation),325170.555,900.096,6281.794,2824.209,567.405,13322.486,9524.905,False,,True,True
FN-0320,Fujian (rule-labelled),FN-0320,,,电弧放电,D2,single_fault,utility measurement; label assigned by GB/T 7252 three-ratio code (no inspection confirmation),1755.886,0.0,0.12,0.2,8.103,0.0,774.096,False,,True,True
FN-0321,Fujian (rule-labelled),FN-0321,,,电弧放电,D2,single_fault,utility measurement; label assigned by GB/T 7252 three-ratio code (no inspection confirmation),591.05,31.027,80.732,55.153,0.2,0.0,0.0,False,,True,True
FN-0322,Fujian (rule-labelled),FN-0322,,,电弧放电,D2,single_fault,utility measurement; label assigned by GB/T 7252 three-ratio code (no inspection confirmation),521761.082,15996.3,8933.658,5208.114,95.884,25873.812,10655.872,False,,True,True
FN-0323,Fujian (rule-labelled),FN-0323,,,电弧放电,D2,single_fault,utility measurement; label assigned by GB/T 7252 three-ratio code (no inspection confirmation),290.273,25.359,19.404,65.171,12.839,1337.323,5229.541,False,,True,True
FN-0324,Fujian (rule-labelled),FN-0324,,,电弧放电,D2,single_fault,utility measurement; label assigned by GB/T 7252 three-ratio code (no inspection confirmation),853.834,109.213,48.556,36.067,0.2,0.0,3505.703,False,,True,True
FN-0325,Fujian (rule-labelled),FN-0325,,,电弧放电,D2,single_fault,utility measurement; label assigned by GB/T 7252 three-ratio code (no inspection confirmation),1062.255,121.976,64.289,363.655,1.917,708.541,4002.975,False,,True,True
FN-0326,Fujian (rule-labelled),FN-0326,,,电弧放电,D2,single_fault,utility measurement; label assigned by GB/T 7252 three-ratio code (no inspection confirmation),285.339,23.622,0.12,0.2,0.2,443.724,2417.785,False,,True,True
FN-0327,Fujian (rule-labelled),FN-0327,,,电弧放电,D2,single_fault,utility measurement; label assigned by GB/T 7252 three-ratio code (no inspection confirmation),105.12,61.868,83.035,37.684,28.438,324.986,1887.061,False,,True,True
FN-0328,Fujian (rule-labelled),FN-0328,,,电弧放电,D2,single_fault,utility measurement; label assigned by GB/T 7252 three-ratio code (no inspection confirmation),449.711,53.784,9.77,8.272,6.069,0.0,704.419,False,,True,True
FN-0329,Fujian (rule-labelled),FN-0329,,,电弧放电,D2,single_fault,utility measurement; label assigned by GB/T 7252 three-ratio code (no inspection confirmation),30.542,28.952,53.877,63.38,0.2,948.385,4031.647,False,,True,True
FN-0330,Fujian (rule-labelled),FN-0330,,,电弧放电,D2,single_fault,utility measurement; label assigned by GB/T 7252 three-ratio code (no inspection confirmation),561.869,124.404,148.985,128.948,0.2,0.0,806.612,False,,True,True
FN-0331,Fujian (rule-labelled),FN-0331,,,电弧放电,D2,single_fault,utility measurement; label assigned by GB/T 7252 three-ratio code (no inspection confirmation),53300.958,727.862,754.852,2547.78,7384.861,225805.593,7961.075,False,,True,True
FN-0332,Fujian (rule-labelled),FN-0332,,,电弧放电,D2,single_fault,utility measurement; label assigned by GB/T 7252 three-ratio code (no inspection confirmation),928.402,0.0,0.12,0.2,11.294,0.0,181.542,False,,True,True
FN-0333,Fujian (rule-labelled),FN-0333,,,电弧放电,D2,single_fault,utility measurement; label assigned by GB/T 7252 three-ratio code (no inspection confirmation),439.52,94.967,86.426,132.425,0.2,663.159,1880.527,False,,True,True
FN-0334,Fujian (rule-labelled),FN-0334,,,电弧放电,D2,single_fault,utility measurement; label assigned by GB/T 7252 three-ratio code (no inspection confirmation),45250.417,1111.216,6187.302,3217.845,638.339,88571.376,8689.814,False,,True,True
FN-0335,Fujian (rule-labelled),FN-0335,,,低能放电,D1,single_fault,utility measurement; label assigned by GB/T 7252 three-ratio code (no inspection confirmation),785.115,42.215,31.679,0.2,0.2,0.0,3716.494,False,,True,True
FN-0336,Fujian (rule-labelled),FN-0336,,,低能放电,D1,single_fault,utility measurement; label assigned by GB/T 7252 three-ratio code (no inspection confirmation),35664.106,844.277,4741.871,1212.893,5906.761,3486.19,3351.279,False,,True,True
FN-0337,Fujian (rule-labelled),FN-0337,,,低能放电,D1,single_fault,utility measurement; label assigned by GB/T 7252 three-ratio code (no inspection confirmation),1169.111,148.98,317.561,38.148,28.275,0.0,1572.569,False,,True,True
FN-0338,Fujian (rule-labelled),FN-0338,,,低能放电,D1,single_fault,utility measurement; label assigned by GB/T 7252 three-ratio code (no inspection confirmation),680.445,0.0,4.341,0.2,0.2,0.0,0.0,False,,True,True
FN-0339,Fujian (rule-labelled),FN-0339,,,低能放电,D1,single_fault,utility measurement; label assigned by GB/T 7252 three-ratio code (no inspection confirmation),0.85,0.0,5.841,0.2,16.559,0.0,1525.69,False,,True,True
FN-0340,Fujian (rule-labelled),FN-0340,,,低能放电,D1,single_fault,utility measurement; label assigned by GB/T 7252 three-ratio code (no inspection confirmation),969.237,33.305,30.095,4.38,0.2,75.745,0.0,False,,True,True
FN-0341,Fujian (rule-labelled),FN-0341,,,低能放电,D1,single_fault,utility measurement; label assigned by GB/T 7252 three-ratio code (no inspection confirmation),1363.866,50.806,1.871,0.2,14.94,0.0,1007.796,False,,True,True
FN-0342,Fujian (rule-labelled),FN-0342,,,低能放电,D1,single_fault,utility measurement; label assigned by GB/T 7252 three-ratio code (no inspection confirmation),1318.511,221.331,582.359,182.56,42.239,874.315,2650.219,False,,True,True
FN-0343,Fujian (rule-labelled),FN-0343,,,低能放电,D1,single_fault,utility measurement; label assigned by GB/T 7252 three-ratio code (no inspection confirmation),183.517,6.65,265.693,0.2,17.906,195.547,917.96,False,,True,True
FN-0344,Fujian (rule-labelled),FN-0344,,,低能放电,D1,single_fault,utility measurement; label assigned by GB/T 7252 three-ratio code (no inspection confirmation),0.85,0.0,13.25,0.2,0.2,16.492,4017.726,False,,True,True
FN-0345,Fujian (rule-labelled),FN-0345,,,低能放电,D1,single_fault,utility measurement; label assigned by GB/T 7252 three-ratio code (no inspection confirmation),0.85,0.0,16.909,4.255,0.2,108.161,5555.483,False,,True,True
FN-0346,Fujian (rule-labelled),FN-0346,,,低能放电,D1,single_fault,utility measurement; label assigned by GB/T 7252 three-ratio code (no inspection confirmation),1179.126,550.064,1703.929,320.707,40.465,2543.302,4561.929,False,,True,True
FN-0347,Fujian (rule-labelled),FN-0347,,,低能放电,D1,single_fault,utility measurement; label assigned by GB/T 7252 three-ratio code (no inspection confirmation),741.765,48.558,25.651,5.845,9.087,0.0,987.102,False,,True,True
FN-0348,Fujian (rule-labelled),FN-0348,,,低能放电,D1,single_fault,utility measurement; label assigned by GB/T 7252 three-ratio code (no inspection confirmation),0.85,0.0,13.975,0.2,0.2,221.392,262.936,False,,True,True
FN-0349,Fujian (rule-labelled),FN-0349,,,低能放电,D1,single_fault,utility measurement; label assigned by GB/T 7252 three-ratio code (no inspection confirmation),1984.985,2.603,45.651,13.849,4.89,0.0,2561.38,False,,True,True
FN-0350,Fujian (rule-labelled),FN-0350,,,低能放电,D1,single_fault,utility measurement; label assigned by GB/T 7252 three-ratio code (no inspection confirmation),791.335,115.712,208.824,39.14,38.235,549.631,1949.863,False,,True,True
FN-0351,Fujian (rule-labelled),FN-0351,,,低能放电,D1,single_fault,utility measurement; label assigned by GB/T 7252 three-ratio code (no inspection confirmation),0.85,0.0,17.968,1.851,0.2,0.0,0.0,False,,True,True
FN-0352,Fujian (rule-labelled),FN-0352,,,低能放电,D1,single_fault,utility measurement; label assigned by GB/T 7252 three-ratio code (no inspection confirmation),378.291,93.056,360.206,48.808,9.253,349.397,1965.022,False,,True,True
FN-0353,Fujian (rule-labelled),FN-0353,,,低能放电,D1,single_fault,utility measurement; label assigned by GB/T 7252 three-ratio code (no inspection confirmation),504.285,64.035,5.328,0.2,6.634,436.329,222.962,False,,True,True
FN-0354,Fujian (rule-labelled),FN-0354,,,低能放电,D1,single_fault,utility measurement; label assigned by GB/T 7252 three-ratio code (no inspection confirmation),630.777,7.498,43.594,11.924,12.828,0.0,900.418,False,,True,True
FN-0355,Fujian (rule-labelled),FN-0355,,,低能放电,D1,single_fault,utility measurement; label assigned by GB/T 7252 three-ratio code (no inspection confirmation),75.878,51.678,5.784,0.44,4.527,15.982,230.26,False,,True,True
FN-0356,Fujian (rule-labelled),FN-0356,,,低能放电,D1,single_fault,utility measurement; label assigned by GB/T 7252 three-ratio code (no inspection confirmation),961.224,359.405,21.675,0.2,49.818,753.492,4968.182,False,,True,True
FN-0357,Fujian (rule-labelled),FN-0357,,,低能放电,D1,single_fault,utility measurement; label assigned by GB/T 7252 three-ratio code (no inspection confirmation),1164.684,44.253,0.859,0.2,12.138,0.0,1145.192,False,,True,True
FN-0358,Fujian (rule-labelled),FN-0358,,,低能放电,D1,single_fault,utility measurement; label assigned by GB/T 7252 three-ratio code (no inspection confirmation),2870.619,869.932,3281.263,421.891,57.058,2122.902,7802.854,False,,True,True
FN-0359,Fujian (rule-labelled),FN-0359,,,低能放电,D1,single_fault,utility measurement; label assigned by GB/T 7252 three-ratio code (no inspection confirmation),0.85,0.0,53.632,14.348,0.2,524.518,5388.853,False,,True,True
FN-0360,Fujian (rule-labelled),FN-0360,,,低能放电,D1,single_fault,utility measurement; label assigned by GB/T 7252 three-ratio code (no inspection confirmation),1906.778,853.6,1261.965,53.354,597.366,985.641,2616.458,False,,True,True
FN-0361,Fujian (rule-labelled),FN-0361,,,低能放电,D1,single_fault,utility measurement; label assigned by GB/T 7252 three-ratio code (no inspection confirmation),494.285,37.057,16.335,0.2,19.595,66.607,909.347,False,,True,True
FN-0362,Fujian (rule-labelled),FN-0362,,,低能放电,D1,single_fault,utility measurement; label assigned by GB/T 7252 three-ratio code (no inspection confirmation),502.857,103.657,140.413,43.019,0.2,127.675,505.531,False,,True,True
FN-0363,Fujian (rule-labelled),FN-0363,,,低能放电,D1,single_fault,utility measurement; label assigned by GB/T 7252 three-ratio code (no inspection confirmation),432.087,99.567,343.367,40.555,0.2,345.106,1019.494,False,,True,True
FN-0364,Fujian (rule-labelled),FN-0364,,,低能放电,D1,single_fault,utility measurement; label assigned by GB/T 7252 three-ratio code (no inspection confirmation),29174.607,615.031,279.893,0.2,2731.76,342.764,4468.761,False,,True,True
FN-0365,Fujian (rule-labelled),FN-0365,,,低能放电,D1,single_fault,utility measurement; label assigned by GB/T 7252 three-ratio code (no inspection confirmation),569.169,21.43,72.877,0.2,0.2,464.16,1968.3,False,,True,True
FN-0366,Fujian (rule-labelled),FN-0366,,,低能放电,D1,single_fault,utility measurement; label assigned by GB/T 7252 three-ratio code (no inspection confirmation),351.049,5.263,4.879,0.2,17.371,0.0,982.442,False,,True,True
FN-0367,Fujian (rule-labelled),FN-0367,,,低能放电,D1,single_fault,utility measurement; label assigned by GB/T 7252 three-ratio code (no inspection confirmation),513.315,98.722,12.47,0.2,38.964,229.371,2826.904,False,,True,True
FN-0368,Fujian (rule-labelled),FN-0368,,,低能放电,D1,single_fault,utility measurement; label assigned by GB/T 7252 three-ratio code (no inspection confirmation),0.85,0.0,11.032,0.2,6.713,0.0,0.0,False,,True,True
FN-0369,Fujian (rule-labelled),FN-0369,,,低能放电,D1,single_fault,utility measurement; label assigned by GB/T 7252 three-ratio code (no inspection confirmation),972.436,14.272,1.582,0.2,8.52,0.0,94.423,False,,True,True
FN-0370,Fujian (rule-labelled),FN-0370,,,低能放电,D1,single_fault,utility measurement; label assigned by GB/T 7252 three-ratio code (no inspection confirmation),566.028,44.534,101.671,20.044,24.915,623.425,2539.095,False,,True,True
FN-0371,Fujian (rule-labelled),FN-0371,,,低能放电,D1,single_fault,utility measurement; label assigned by GB/T 7252 three-ratio code (no inspection confirmation),1105.289,50.927,510.501,6.209,24.389,0.0,0.0,False,,True,True
FN-0372,Fujian (rule-labelled),FN-0372,,,低能放电,D1,single_fault,utility measurement; label assigned by GB/T 7252 three-ratio code (no inspection confirmation),1147.794,83.547,66.279,17.578,33.07,54.053,1673.593,False,,True,True
FN-0373,Fujian (rule-labelled),FN-0373,,,低能放电,D1,single_fault,utility measurement; label assigned by GB/T 7252 three-ratio code (no inspection confirmation),994.669,10.467,23.875,3.739,0.2,0.0,1282.918,False,,True,True
FN-0374,Fujian (rule-labelled),FN-0374,,,低能放电,D1,single_fault,utility measurement; label assigned by GB/T 7252 three-ratio code (no inspection confirmation),1954.643,80.275,785.013,204.371,15.497,2278.609,729.782,False,,True,True
FN-0375,Fujian (rule-labelled),FN-0375,,,低能放电,D1,single_fault,utility measurement; label assigned by GB/T 7252 three-ratio code (no inspection confirmation),745.692,0.0,15.335,0.2,1.031,0.0,386.306,False,,True,True
FN-0376,Fujian (rule-labelled),FN-0376,,,低能放电,D1,single_fault,utility measurement; label assigned by GB/T 7252 three-ratio code (no inspection confirmation),932.615,100.361,451.079,40.751,29.119,892.94,1560.478,False,,True,True
FN-0377,Fujian (rule-labelled),FN-0377,,,低能放电,D1,single_fault,utility measurement; label assigned by GB/T 7252 three-ratio code (no inspection confirmation),544.969,64.688,19.352,0.2,19.432,0.0,322.381,False,,True,True
FN-0378,Fujian (rule-labelled),FN-0378,,,高温过热,T3,single_fault,utility measurement; label assigned by GB/T 7252 three-ratio code (no inspection confirmation),564.059,69.263,2.141,63.275,2.883,1340.586,1112.124,False,,True,True
FN-0379,Fujian (rule-labelled),FN-0379,,,高温过热,T3,single_fault,utility measurement; label assigned by GB/T 7252 three-ratio code (no inspection confirmation),958.229,123.796,0.12,51.16,15.253,1147.658,1976.289,False,,True,True
FN-0380,Fujian (rule-labelled),FN-0380,,,高温过热,T3,single_fault,utility measurement; label assigned by GB/T 7252 three-ratio code (no inspection confirmation),0.85,0.0,0.12,55.527,0.2,423.487,997.445,False,,False,False
FN-0381,Fujian (rule-labelled),FN-0381,,,高温过热,T3,single_fault,utility measurement; label assigned by GB/T 7252 three-ratio code (no inspection confirmation),111.741,0.0,0.12,18.152,5.732,696.3,414.956,False,,False,False
FN-0382,Fujian (rule-labelled),FN-0382,,,高温过热,T3,single_fault,utility measurement; label assigned by GB/T 7252 three-ratio code (no inspection confirmation),17.788,47.925,0.12,48.386,0.2,627.935,1506.82,False,,False,False
FN-0383,Fujian (rule-labelled),FN-0383,,,高温过热,T3,single_fault,utility measurement; label assigned by GB/T 7252 three-ratio code (no inspection confirmation),0.85,29.403,0.12,7.712,0.2,912.592,0.0,False,,False,False
FN-0384,Fujian (rule-labelled),FN-0384,,,高温过热,T3,single_fault,utility measurement; label assigned by GB/T 7252 three-ratio code (no inspection confirmation),0.85,0.0,0.12,16.667,0.2,0.0,3764.735,False,,False,False
FN-0385,Fujian (rule-labelled),FN-0385,,,高温过热,T3,single_fault,utility measurement; label assigned by GB/T 7252 three-ratio code (no inspection confirmation),0.85,0.0,0.12,3.158,0.2,0.0,4360.843,False,,False,False
FN-0386,Fujian (rule-labelled),FN-0386,,,高温过热,T3,single_fault,utility measurement; label assigned by GB/T 7252 three-ratio code (no inspection confirmation),474.275,51.772,0.12,31.074,7.971,157.582,35.263,False,,True,True
FN-0387,Fujian (rule-labelled),FN-0387,,,高温过热,T3,single_fault,utility measurement; label assigned by GB/T 7252 three-ratio code (no inspection confirmation),0.85,37.902,0.12,30.554,8.085,0.0,287.371,False,,False,False
FN-0388,Fujian (rule-labelled),FN-0388,,,高温过热,T3,single_fault,utility measurement; label assigned by GB/T 7252 three-ratio code (no inspection confirmation),1238.442,121.64,96.081,2495.589,40.176,478.806,893.337,False,,True,True
FN-0389,Fujian (rule-labelled),FN-0389,,,高温过热,T3,single_fault,utility measurement; label assigned by GB/T 7252 three-ratio code (no inspection confirmation),39287.316,5032.42,98.21,3309.546,563.55,193.88,10700.951,False,,True,True
FN-0390,Fujian (rule-labelled),FN-0390,,,高温过热,T3,single_fault,utility measurement; label assigned by GB/T 7252 three-ratio code (no inspection confirmation),205.362,63.771,0.669,49.344,4.656,525.274,1118.545,False,,True,True
FN-0391,Fujian (rule-labelled),FN-0391,,,高温过热,T3,single_fault,utility measurement; label assigned by GB/T 7252 three-ratio code (no inspection confirmation),0.85,2.594,0.167,29.637,0.2,859.189,3245.09,False,,False,False
FN-0392,Fujian (rule-labelled),FN-0392,,,高温过热,T3,single_fault,utility measurement; label assigned by GB/T 7252 three-ratio code (no inspection confirmation),321.263,32.3,0.12,63.859,0.2,1202.181,1545.167,False,,True,True
FN-0393,Fujian (rule-labelled),FN-0393,,,高温过热,T3,single_fault,utility measurement; label assigned by GB/T 7252 three-ratio code (no inspection confirmation),2.491,52.564,0.12,24.18,7.782,1327.317,1088.569,False,,False,False
FN-0394,Fujian (rule-labelled),FN-0394,,,高温过热,T3,single_fault,utility measurement; label assigned by GB/T 7252 three-ratio code (no inspection confirmation),0.85,35.128,0.97,95.841,0.2,1927.444,5719.268,False,,False,False
FN-0395,Fujian (rule-labelled),FN-0395,,,高温过热,T3,single_fault,utility measurement; label assigned by GB/T 7252 three-ratio code (no inspection confirmation),35.363,0.198,0.12,5.71,0.2,0.0,1703.405,False,,False,False
FN-0396,Fujian (rule-labelled),FN-0396,,,高温过热,T3,single_fault,utility measurement; label assigned by GB/T 7252 three-ratio code (no inspection confirmation),0.85,21.251,1.118,80.601,0.2,950.053,6521.268,False,,False,False
FN-0397,Fujian (rule-labelled),FN-0397,,,高温过热,T3,single_fault,utility measurement; label assigned by GB/T 7252 three-ratio code (no inspection confirmation),0.85,37.978,0.12,39.505,0.2,1474.763,3307.697,False,,False,False
FN-0398,Fujian (rule-labelled),FN-0398,,,高温过热,T3,single_fault,utility measurement; label assigned by GB/T 7252 three-ratio code (no inspection confirmation),869.377,0.0,1.004,25.738,1.217,871.905,1662.78,False,,True,True
FN-0399,Fujian (rule-labelled),FN-0399,,,高温过热,T3,single_fault,utility measurement; label assigned by GB/T 7252 three-ratio code (no inspection confirmation),365.993,5.151,0.12,35.322,0.2,1394.229,4436.707,False,,True,True
FN-0400,Fujian (rule-labelled),FN-0400,,,高温过热,T3,single_fault,utility measurement; label assigned by GB/T 7252 three-ratio code (no inspection confirmation),1001.085,44.868,0.12,167.71,44.857,1901.705,8284.871,False,,True,True
FN-0401,Fujian (rule-labelled),FN-0401,,,高温过热,T3,single_fault,utility measurement; label assigned by GB/T 7252 three-ratio code (no inspection confirmation),750.559,32.055,0.12,4.625,0.2,983.942,1585.086,False,,True,True
FN-0402,Fujian (rule-labelled),FN-0402,,,高温过热,T3,single_fault,utility measurement; label assigned by GB/T 7252 three-ratio code (no inspection confirmation),62018.381,4121.336,0.12,1237.942,345.981,0.0,3421.058,False,,True,True
FN-0403,Fujian (rule-labelled),FN-0403,,,高温过热,T3,single_fault,utility measurement; label assigned by GB/T 7252 three-ratio code (no inspection confirmation),1789.697,110.485,32.095,1839.218,32.188,0.0,0.0,False,,True,True
FN-0404,Fujian (rule-labelled),FN-0404,,,高温过热,T3,single_fault,utility measurement; label assigned by GB/T 7252 three-ratio code (no inspection confirmation),949.204,4.88,0.554,30.239,0.2,1259.908,5921.01,False,,True,True
FN-0405,Fujian (rule-labelled),FN-0405,,,高温过热,T3,single_fault,utility measurement; label assigned by GB/T 7252 three-ratio code (no inspection confirmation),352.346,22.44,0.811,63.973,6.626,1232.802,6187.972,False,,True,True
FN-0406,Fujian (rule-labelled),FN-0406,,,高温过热,T3,single_fault,utility measurement; label assigned by GB/T 7252 three-ratio code (no inspection confirmation),0.85,0.0,0.12,16.961,0.2,277.696,786.657,False,,False,False
FN-0407,Fujian (rule-labelled),FN-0407,,,高温过热,T3,single_fault,utility measurement; label assigned by GB/T 7252 three-ratio code (no inspection confirmation),0.85,25.43,0.12,47.847,0.661,1279.921,7037.267,False,,False,False
FN-0408,Fujian (rule-labelled),FN-0408,,,高温过热,T3,single_fault,utility measurement; label assigned by GB/T 7252 three-ratio code (no inspection confirmation),0.85,0.0,0.12,7.242,0.2,1356.447,4647.533,False,,False,False
FN-0409,Fujian (rule-labelled),FN-0409,,,高温过热,T3,single_fault,utility measurement; label assigned by GB/T 7252 three-ratio code (no inspection confirmation),387.718,13.564,0.12,10.614,1.049,0.0,661.078,False,,True,True
FN-0410,Fujian (rule-labelled),FN-0410,,,高温过热,T3,single_fault,utility measurement; label assigned by GB/T 7252 three-ratio code (no inspection confirmation),762.061,29.052,0.12,24.028,0.2,1280.647,2807.566,False,,True,True
FN-0411,Fujian (rule-labelled),FN-0411,,,高温过热,T3,single_fault,utility measurement; label assigned by GB/T 7252 three-ratio code (no inspection confirmation),0.85,48.374,0.12,71.84,0.2,569.828,6893.767,False,,False,False
FN-0412,Fujian (rule-labelled),FN-0412,,,高温过热,T3,single_fault,utility measurement; label assigned by GB/T 7252 three-ratio code (no inspection confirmation),0.85,0.0,1.965,34.256,0.929,308.025,0.0,False,,False,False
FN-0413,Fujian (rule-labelled),FN-0413,,,高温过热,T3,single_fault,utility measurement; label assigned by GB/T 7252 three-ratio code (no inspection confirmation),195.517,8.621,0.12,42.309,0.2,840.42,1388.664,False,,True,True
FN-0414,Fujian (rule-labelled),FN-0414,,,高温过热,T3,single_fault,utility measurement; label assigned by GB/T 7252 three-ratio code (no inspection confirmation),237.234,93.778,0.12,45.677,7.862,73.432,78.762,False,,True,True
FN-0415,Fujian (rule-labelled),FN-0415,,,高温过热,T3,single_fault,utility measurement; label assigned by GB/T 7252 three-ratio code (no inspection confirmation),0.85,0.0,0.12,24.938,0.2,763.354,761.672,False,,False,False
FN-0416,Fujian (rule-labelled),FN-0416,,,高温过热,T3,single_fault,utility measurement; label assigned by GB/T 7252 three-ratio code (no inspection confirmation),0.85,0.0,0.12,16.887,0.2,746.941,394.533,False,,False,False
FN-0417,Fujian (rule-labelled),FN-0417,,,高温过热,T3,single_fault,utility measurement; label assigned by GB/T 7252 three-ratio code (no inspection confirmation),0.85,0.0,0.12,14.618,0.2,0.0,340.18,False,,False,False
FN-0418,Fujian (rule-labelled),FN-0418,,,高温过热,T3,single_fault,utility measurement; label assigned by GB/T 7252 three-ratio code (no inspection confirmation),2209.825,839.972,0.12,2447.867,526.124,1704.269,3659.577,False,,True,True
FN-0419,Fujian (rule-labelled),FN-0419,,,高温过热,T3,single_fault,utility measurement; label assigned by GB/T 7252 three-ratio code (no inspection confirmation),0.85,37.605,0.12,32.138,0.2,1029.328,1966.806,False,,False,False
FN-0420,Fujian (rule-labelled),FN-0420,,,高温过热,T3,single_fault,utility measurement; label assigned by GB/T 7252 three-ratio code (no inspection confirmation),0.85,22.974,3.803,83.646,1.413,1103.012,3374.014,False,,False,False
FN-0421,Fujian (rule-labelled),FN-0421,,,高温过热,T3,single_fault,utility measurement; label assigned by GB/T 7252 three-ratio code (no inspection confirmation),0.85,52.287,0.12,15.664,0.2,564.313,0.0,False,,False,False
FN-0422,Fujian (rule-labelled),FN-0422,,,高温过热,T3,single_fault,utility measurement; label assigned by GB/T 7252 three-ratio code (no inspection confirmation),0.85,0.0,0.12,19.689,0.2,103.554,726.32,False,,False,False
FN-0423,Fujian (rule-labelled),FN-0423,,,高温过热,T3,single_fault,utility measurement; label assigned by GB/T 7252 three-ratio code (no inspection confirmation),39744.646,4376.033,24.319,3191.776,445.538,1000.606,8261.503,False,,True,True
FN-0424,Fujian (rule-labelled),FN-0424,,,高温过热,T3,single_fault,utility measurement; label assigned by GB/T 7252 three-ratio code (no inspection confirmation),569.406,160.832,0.12,116.322,0.2,838.721,538.758,False,,True,True
FN-0425,Fujian (rule-labelled),FN-0425,,,高温过热,T3,single_fault,utility measurement; label assigned by GB/T 7252 three-ratio code (no inspection confirmation),415.709,50.407,0.12,23.741,1.75,0.0,586.036,False,,True,True
FN-0426,Fujian (rule-labelled),FN-0426,,,高温过热,T3,single_fault,utility measurement; label assigned by GB/T 7252 three-ratio code (no inspection confirmation),103.148,63.099,0.12,29.904,0.2,0.0,1305.344,False,,False,False
FN-0427,Fujian (rule-labelled),FN-0427,,,高温过热,T3,single_fault,utility measurement; label assigned by GB/T 7252 three-ratio code (no inspection confirmation),0.85,0.0,0.12,52.081,0.2,935.172,2972.347,False,,False,False
FN-0428,Fujian (rule-labelled),FN-0428,,,高温过热,T3,single_fault,utility measurement; label assigned by GB/T 7252 three-ratio code (no inspection confirmation),296.709,0.0,0.12,18.227,0.2,0.0,1833.814,False,,True,True
FN-0429,Fujian (rule-labelled),FN-0429,,,高温过热,T3,single_fault,utility measurement; label assigned by GB/T 7252 three-ratio code (no inspection confirmation),1149.261,38.154,0.12,14.756,0.2,825.439,555.617,False,,True,True
FN-0430,Fujian (rule-labelled),FN-0430,,,高温过热,T3,single_fault,utility measurement; label assigned by GB/T 7252 three-ratio code (no inspection confirmation),0.85,0.0,0.12,14.139,0.2,1647.545,7128.02,False,,False,False
FN-0431,Fujian (rule-labelled),FN-0431,,,高温过热,T3,single_fault,utility measurement; label assigned by GB/T 7252 three-ratio code (no inspection confirmation),1001.751,0.0,0.12,1.761,0.2,0.0,684.711,False,,True,True
FN-0432,Fujian (rule-labelled),FN-0432,,,高温过热,T3,single_fault,utility measurement; label assigned by GB/T 7252 three-ratio code (no inspection confirmation),870.985,53.443,0.12,35.074,0.2,952.92,531.385,False,,True,True
FN-0433,Fujian (rule-labelled),FN-0433,,,高温过热,T3,single_fault,utility measurement; label assigned by GB/T 7252 three-ratio code (no inspection confirmation),0.85,0.0,0.12,37.317,0.2,1593.757,5155.672,False,,False,False
FN-0434,Fujian (rule-labelled),FN-0434,,,高温过热,T3,single_fault,utility measurement; label assigned by GB/T 7252 three-ratio code (no inspection confirmation),0.85,25.014,1.115,18.0,3.097,1053.4,5116.455,False,,False,False
FN-0435,Fujian (rule-labelled),FN-0435,,,高温过热,T3,single_fault,utility measurement; label assigned by GB/T 7252 three-ratio code (no inspection confirmation),627.714,0.0,0.12,26.992,8.232,726.171,5015.227,False,,True,True
FN-0436,Fujian (rule-labelled),FN-0436,,,高温过热,T3,single_fault,utility measurement; label assigned by GB/T 7252 three-ratio code (no inspection confirmation),0.85,0.0,0.12,10.188,0.2,241.244,4341.103,False,,False,False
FN-0437,Fujian (rule-labelled),FN-0437,,,高温过热,T3,single_fault,utility measurement; label assigned by GB/T 7252 three-ratio code (no inspection confirmation),1187.02,160.724,0.12,79.339,6.191,706.068,1815.378,False,,True,True
FN-0438,Fujian (rule-labelled),FN-0438,,,高温过热,T3,single_fault,utility measurement; label assigned by GB/T 7252 three-ratio code (no inspection confirmation),364.82,16.538,0.12,23.725,0.2,836.807,0.0,False,,True,True
FN-0439,Fujian (rule-labelled),FN-0439,,,高温过热,T3,single_fault,utility measurement; label assigned by GB/T 7252 three-ratio code (no inspection confirmation),907.074,0.0,0.12,27.596,0.2,561.2,7310.296,False,,True,True
FN-0440,Fujian (rule-labelled),FN-0440,,,高温过热,T3,single_fault,utility measurement; label assigned by GB/T 7252 three-ratio code (no inspection confirmation),0.85,15.897,0.12,4.493,0.2,24.514,0.0,False,,False,False
FN-0441,Fujian (rule-labelled),FN-0441,,,高温过热,T3,single_fault,utility measurement; label assigned by GB/T 7252 three-ratio code (no inspection confirmation),0.85,24.359,0.12,22.269,0.2,914.295,1914.555,False,,False,False
FN-0442,Fujian (rule-labelled),FN-0442,,,高温过热,T3,single_fault,utility measurement; label assigned by GB/T 7252 three-ratio code (no inspection confirmation),424.526,41.942,0.12,20.747,0.2,225.861,2198.531,False,,True,True
FN-0443,Fujian (rule-labelled),FN-0443,,,高温过热,T3,single_fault,utility measurement; label assigned by GB/T 7252 three-ratio code (no inspection confirmation),0.85,0.0,0.12,46.001,0.2,1050.386,3728.561,False,,False,False
FN-0444,Fujian (rule-labelled),FN-0444,,,高温过热,T3,single_fault,utility measurement; label assigned by GB/T 7252 three-ratio code (no inspection confirmation),0.85,59.04,4.192,51.658,4.342,999.046,3577.409,False,,False,False
FN-0445,Fujian (rule-labelled),FN-0445,,,高温过热,T3,single_fault,utility measurement; label assigned by GB/T 7252 three-ratio code (no inspection confirmation),814.241,62.796,0.12,14.437,3.591,0.0,1284.53,False,,True,True
FN-0446,Fujian (rule-labelled),FN-0446,,,高温过热,T3,single_fault,utility measurement; label assigned by GB/T 7252 three-ratio code (no inspection confirmation),0.85,9.206,0.12,24.048,0.2,0.0,905.773,False,,False,False
FN-0447,Fujian (rule-labelled),FN-0447,,,局部放电,PD,single_fault,utility measurement; label assigned by GB/T 7252 three-ratio code (no inspection confirmation),1400.218,44.685,0.12,7.172,25.654,601.838,1976.478,False,,True,True
FN-0448,Fujian (rule-labelled),FN-0448,,,局部放电,PD,single_fault,utility measurement; label assigned by GB/T 7252 three-ratio code (no inspection confirmation),1672.388,110.306,0.12,9.838,25.1,412.418,2896.998,False,,True,True
FN-0449,Fujian (rule-labelled),FN-0449,,,局部放电,PD,single_fault,utility measurement; label assigned by GB/T 7252 three-ratio code (no inspection confirmation),0.85,0.0,0.12,18.551,18.65,71.27,148.166,False,,False,False
FN-0450,Fujian (rule-labelled),FN-0450,,,局部放电,PD,single_fault,utility measurement; label assigned by GB/T 7252 three-ratio code (no inspection confirmation),1942.782,164.302,0.12,48.418,482.075,457.121,35.793,False,,True,True
FN-0451,Fujian (rule-labelled),FN-0451,,,局部放电,PD,single_fault,utility measurement; label assigned by GB/T 7252 three-ratio code (no inspection confirmation),1042.506,93.797,0.12,2.212,28.442,0.0,591.021,False,,True,True
FN-0452,Fujian (rule-labelled),FN-0452,,,局部放电,PD,single_fault,utility measurement; label assigned by GB/T 7252 three-ratio code (no inspection confirmation),1314.223,68.117,0.12,2.601,34.55,1505.344,3287.039,False,,True,True
FN-0453,Fujian (rule-labelled),FN-0453,,,局部放电,PD,single_fault,utility measurement; label assigned by GB/T 7252 three-ratio code (no inspection confirmation),587.407,39.919,0.12,14.849,19.002,0.0,866.333,False,,True,True
FN-0454,Fujian (rule-labelled),FN-0454,,,局部放电,PD,single_fault,utility measurement; label assigned by GB/T 7252 three-ratio code (no inspection confirmation),1958.767,166.042,0.12,80.054,429.647,986.218,3597.352,False,,True,True
FN-0455,Fujian (rule-labelled),FN-0455,,,局部放电,PD,single_fault,utility measurement; label assigned by GB/T 7252 three-ratio code (no inspection confirmation),0.85,0.0,0.12,1.897,4.473,135.99,2091.441,False,,False,False
FN-0456,Fujian (rule-labelled),FN-0456,,,局部放电,PD,single_fault,utility measurement; label assigned by GB/T 7252 three-ratio code (no inspection confirmation),1277.405,60.1,0.12,11.992,35.102,898.075,1971.932,False,,True,True
FN-0457,Fujian (rule-labelled),FN-0457,,,局部放电,PD,single_fault,utility measurement; label assigned by GB/T 7252 three-ratio code (no inspection confirmation),287.778,17.274,0.12,4.989,6.273,390.178,6509.36,False,,True,True
FN-0458,Fujian (rule-labelled),FN-0458,,,局部放电,PD,single_fault,utility measurement; label assigned by GB/T 7252 three-ratio code (no inspection confirmation),43136.973,3565.589,0.12,46.119,430.922,0.0,359.263,False,,True,True
FN-0459,Fujian (rule-labelled),FN-0459,,,局部放电,PD,single_fault,utility measurement; label assigned by GB/T 7252 three-ratio code (no inspection confirmation),1056.94,31.823,0.12,14.004,20.089,7.459,1708.744,False,,True,True
FN-0460,Fujian (rule-labelled),FN-0460,,,局部放电,PD,single_fault,utility measurement; label assigned by GB/T 7252 three-ratio code (no inspection confirmation),632.485,50.586,0.12,3.135,25.478,0.0,1025.049,False,,True,True
FN-0461,Fujian (rule-labelled),FN-0461,,,局部放电,PD,single_fault,utility measurement; label assigned by GB/T 7252 three-ratio code (no inspection confirmation),0.85,0.0,0.12,14.081,22.837,1364.907,4377.016,False,,False,False
FN-0462,Fujian (rule-labelled),FN-0462,,,局部放电,PD,single_fault,utility measurement; label assigned by GB/T 7252 three-ratio code (no inspection confirmation),0.85,0.0,0.12,1.221,6.644,0.0,0.0,False,,False,False
FN-0463,Fujian (rule-labelled),FN-0463,,,局部放电,PD,single_fault,utility measurement; label assigned by GB/T 7252 three-ratio code (no inspection confirmation),2062.476,164.527,0.12,54.505,415.864,0.0,0.0,False,,True,True
FN-0464,Fujian (rule-labelled),FN-0464,,,局部放电,PD,single_fault,utility measurement; label assigned by GB/T 7252 three-ratio code (no inspection confirmation),489.006,14.865,0.12,3.323,33.665,0.0,992.601,False,,True,True
FN-0465,Fujian (rule-labelled),FN-0465,,,局部放电,PD,single_fault,utility measurement; label assigned by GB/T 7252 three-ratio code (no inspection confirmation),46750.412,4649.841,0.12,30.802,397.4,355.255,0.0,False,,True,True
FN-0466,Fujian (rule-labelled),FN-0466,,,局部放电,PD,single_fault,utility measurement; label assigned by GB/T 7252 three-ratio code (no inspection confirmation),860.748,51.753,0.12,20.732,27.134,1173.431,177.691,False,,True,True
FN-0467,Fujian (rule-labelled),FN-0467,,,低温过热,T1,single_fault,utility measurement; label assigned by GB/T 7252 three-ratio code (no inspection confirmation),2161.663,3297.577,0.12,6.253,292.435,0.0,2164.959,False,,True,True
FN-0468,Fujian (rule-labelled),FN-0468,,,低温过热,T1,single_fault,utility measurement; label assigned by GB/T 7252 three-ratio code (no inspection confirmation),0.85,73.052,0.12,70.238,266.131,497.925,0.0,False,,True,True
FN-0469,Fujian (rule-labelled),FN-0469,,,低温过热,T1,single_fault,utility measurement; label assigned by GB/T 7252 three-ratio code (no inspection confirmation),1332.602,2983.638,0.12,54.108,306.617,0.0,1894.012,False,,True,True
FN-0470,Fujian (rule-labelled),FN-0470,,,低温过热,T1,single_fault,utility measurement; label assigned by GB/T 7252 three-ratio code (no inspection confirmation),318.921,60.06,0.12,26.481,28.264,711.663,1335.815,False,,True,True
FN-0471,Fujian (rule-labelled),FN-0471,,,低温过热,T1,single_fault,utility measurement; label assigned by GB/T 7252 three-ratio code (no inspection confirmation),0.85,9.378,0.12,3.685,16.942,0.0,1121.448,False,,False,False
FN-0472,Fujian (rule-labelled),FN-0472,,,低温过热,T1,single_fault,utility measurement; label assigned by GB/T 7252 three-ratio code (no inspection confirmation),672.65,2780.927,0.12,50.036,164.003,0.0,1851.744,False,,True,True
FN-0473,Fujian (rule-labelled),FN-0473,,,低温过热,T1,single_fault,utility measurement; label assigned by GB/T 7252 three-ratio code (no inspection confirmation),87.03,84.794,0.12,102.496,247.63,845.915,3381.523,False,,True,True
FN-0474,Fujian (rule-labelled),FN-0474,,,低温过热,T1,single_fault,utility measurement; label assigned by GB/T 7252 three-ratio code (no inspection confirmation),1507.891,3982.046,8.742,95.273,224.845,0.0,2188.221,False,,True,True
FN-0475,Fujian (rule-labelled),FN-0475,,,中温过热,T2,single_fault,utility measurement; label assigned by GB/T 7252 three-ratio code (no inspection confirmation),0.85,16.107,0.12,4.659,2.439,1014.202,2604.07,False,,False,False
FN-0476,Fujian (rule-labelled),FN-0476,,,中温过热,T2,single_fault,utility measurement; label assigned by GB/T 7252 three-ratio code (no inspection confirmation),2195.669,3639.776,0.12,42.925,30.239,610.801,2080.956,False,,True,True
FN-0477,Fujian (rule-labelled),FN-0477,,,中温过热,T2,single_fault,utility measurement; label assigned by GB/T 7252 three-ratio code (no inspection confirmation),0.85,36.879,1.965,45.441,17.615,859.93,6731.252,False,,False,False
FN-0478,Fujian (rule-labelled),FN-0478,,,中温过热,T2,single_fault,utility measurement; label assigned by GB/T 7252 three-ratio code (no inspection confirmation),0.85,46.919,0.12,33.662,25.551,1147.954,4398.392,False,,False,False
FN-0479,Fujian (rule-labelled),FN-0479,,,电弧放电,D2,single_fault,utility measurement; label assigned by GB/T 7252 three-ratio code (no inspection confirmation),41.542,35.747,15.062,22.13,26.599,1282.718,2547.456,False,,True,True
FN-0480,Fujian (rule-labelled),FN-0480,,,电弧放电,D2,single_fault,utility measurement; label assigned by GB/T 7252 three-ratio code (no inspection confirmation),387.432,42.666,41.961,182.199,34.698,1258.39,625.209,False,,True,True
FN-0481,Fujian (rule-labelled),FN-0481,,,电弧放电,D2,single_fault,utility measurement; label assigned by GB/T 7252 three-ratio code (no inspection confirmation),780.423,19.528,22.065,48.652,3.563,0.0,400.836,False,,True,True
FN-0482,Fujian (rule-labelled),FN-0482,,,电弧放电,D2,single_fault,utility measurement; label assigned by GB/T 7252 three-ratio code (no inspection confirmation),248.846,0.0,0.12,0.2,0.2,388.344,3933.86,False,,True,True
FN-0483,Fujian (rule-labelled),FN-0483,,,电弧放电,D2,single_fault,utility measurement; label assigned by GB/T 7252 three-ratio code (no inspection confirmation),1079.436,211.716,1157.187,706.282,47.97,1039.37,1223.418,False,,True,True
FN-0484,Fujian (rule-labelled),FN-0484,,,电弧放电,D2,single_fault,utility measurement; label assigned by GB/T 7252 three-ratio code (no inspection confirmation),382.053,39.565,0.12,0.2,4.47,73.068,1473.431,False,,True,True
FN-0485,Fujian (rule-labelled),FN-0485,,,低能放电,D1,single_fault,utility measurement; label assigned by GB/T 7252 three-ratio code (no inspection confirmation),325.164,192.627,816.814,53.395,1.351,1725.136,4780.071,False,,True,True
FN-0486,Fujian (rule-labelled),FN-0486,,,电弧放电,D2,single_fault,utility measurement; label assigned by GB/T 7252 three-ratio code (no inspection confirmation),2209.545,845.848,1074.946,516.524,21.835,219.344,1324.775,False,,True,True
FN-0487,Fujian (rule-labelled),FN-0487,,,电弧放电,D2,single_fault,utility measurement; label assigned by GB/T 7252 three-ratio code (no inspection confirmation),1003.916,66.599,0.12,0.2,12.67,453.972,0.0,False,,True,True
FN-0488,Fujian (rule-labelled),FN-0488,,,高温过热,T3,single_fault,utility measurement; label assigned by GB/T 7252 three-ratio code (no inspection confirmation),0.85,0.0,0.12,7.386,0.2,160.231,1290.077,False,,False,False
FN-0489,Fujian (rule-labelled),FN-0489,,,电弧放电,D2,single_fault,utility measurement; label assigned by GB/T 7252 three-ratio code (no inspection confirmation),344.138,62.345,30.393,37.206,26.621,151.181,937.302,False,,True,True
FN-0490,Fujian (rule-labelled),FN-0490,,,,UNLABELLED,other,utility measurement; label assigned by GB/T 7252 three-ratio code (no inspection confirmation),,,,,,,,False,,False,False
FN-0491,Fujian (rule-labelled),FN-0491,,,,UNLABELLED,other,utility measurement; label assigned by GB/T 7252 three-ratio code (no inspection confirmation),345.0,51.5,,,58.75,112.25,27.5,False,,True,True
FN-0492,Fujian (rule-labelled),FN-0492,,,,UNLABELLED,other,utility measurement; label assigned by GB/T 7252 three-ratio code (no inspection confirmation),565.0,47.0,,,0.0,93.0,34.0,False,,True,True
FN-0493,Fujian (rule-labelled),FN-0493,,,,UNLABELLED,other,utility measurement; label assigned by GB/T 7252 three-ratio code (no inspection confirmation),550.0,20.0,,,0.0,53.0,34.0,False,,True,True
FN-0494,Fujian (rule-labelled),FN-0494,,,,UNLABELLED,other,utility measurement; label assigned by GB/T 7252 three-ratio code (no inspection confirmation),115.9,25.3,,,6.8,75.0,14.7,False,,False,False
FN-0495,Fujian (rule-labelled),FN-0495,,,,UNLABELLED,other,utility measurement; label assigned by GB/T 7252 three-ratio code (no inspection confirmation),78.0,353.0,,,10.0,161.0,86.0,False,,True,True
FN-0496,Fujian (rule-labelled),FN-0496,,,,UNLABELLED,other,utility measurement; label assigned by GB/T 7252 three-ratio code (no inspection confirmation),54.0,8.6,,,5.4,7.0,7.4,False,,False,False
FN-0497,Fujian (rule-labelled),FN-0497,,,,UNLABELLED,other,utility measurement; label assigned by GB/T 7252 three-ratio code (no inspection confirmation),19.0,9.5,,,8.5,10.0,7.9,False,,False,False
FN-0498,Fujian (rule-labelled),FN-0498,,,,UNLABELLED,other,utility measurement; label assigned by GB/T 7252 three-ratio code (no inspection confirmation),80.0,20.0,,,62.0,20.0,6.0,False,,False,False
FN-0499,Fujian (rule-labelled),FN-0499,,,,UNLABELLED,other,utility measurement; label assigned by GB/T 7252 three-ratio code (no inspection confirmation),170.0,17.0,,,54.0,24.0,7.0,False,,True,True
FN-0500,Fujian (rule-labelled),FN-0500,,,,UNLABELLED,other,utility measurement; label assigned by GB/T 7252 three-ratio code (no inspection confirmation),4670.0,5040.0,,,2560.0,3500.0,2120.0,False,,True,True
FN-0501,Fujian (rule-labelled),FN-0501,,,,UNLABELLED,other,utility measurement; label assigned by GB/T 7252 three-ratio code (no inspection confirmation),217.5,51.8,,,67.5,40.0,4.9,False,,True,True
FN-0502,Fujian (rule-labelled),FN-0502,,,,UNLABELLED,other,utility measurement; label assigned by GB/T 7252 three-ratio code (no inspection confirmation),1678.0,1005.9,,,419.1,652.9,80.7,False,,True,True
FN-0503,Fujian (rule-labelled),FN-0503,,,,UNLABELLED,other,utility measurement; label assigned by GB/T 7252 three-ratio code (no inspection confirmation),673.6,988.9,,,344.4,423.5,77.5,False,,True,True
FN-0504,Fujian (rule-labelled),FN-0504,,,,UNLABELLED,other,utility measurement; label assigned by GB/T 7252 three-ratio code (no inspection confirmation),60.0,110.0,,,70.0,40.0,6.9,False,,True,True
FN-0505,Fujian (rule-labelled),FN-0505,,,,UNLABELLED,other,utility measurement; label assigned by GB/T 7252 three-ratio code (no inspection confirmation),200.0,117.0,,,131.0,48.0,14.0,False,,True,True
FN-0506,Fujian (rule-labelled),FN-0506,,,,UNLABELLED,other,utility measurement; label assigned by GB/T 7252 three-ratio code (no inspection confirmation),46.0,107.0,,,71.9,37.2,8.3,False,,True,True
FN-0507,Fujian (rule-labelled),FN-0507,,,,UNLABELLED,other,utility measurement; label assigned by GB/T 7252 three-ratio code (no inspection confirmation),59.0,70.0,,,15.0,28.0,9.0,False,,False,False
FN-0508,Fujian (rule-labelled),FN-0508,,,,UNLABELLED,other,utility measurement; label assigned by GB/T 7252 three-ratio code (no inspection confirmation),335.0,143.0,,,170.0,67.0,18.0,False,,True,True
FN-0509,Fujian (rule-labelled),FN-0509,,,,UNLABELLED,other,utility measurement; label assigned by GB/T 7252 three-ratio code (no inspection confirmation),42.1,51.0,,,5.8,28.0,10.0,False,,False,False
FN-0510,Fujian (rule-labelled),FN-0510,,,,UNLABELLED,other,utility measurement; label assigned by GB/T 7252 three-ratio code (no inspection confirmation),5405.0,70.0,,,128.0,561.0,5.0,False,,True,True
FN-0511,Fujian (rule-labelled),FN-0511,,,,UNLABELLED,other,utility measurement; label assigned by GB/T 7252 three-ratio code (no inspection confirmation),44.3,23.3,,,10.4,17.3,3.6,False,,False,False
FN-0512,Fujian (rule-labelled),FN-0512,,,,UNLABELLED,other,utility measurement; label assigned by GB/T 7252 three-ratio code (no inspection confirmation),189.0,62.0,,,7.4,157.0,17.0,False,,True,True
FN-0513,Fujian (rule-labelled),FN-0513,,,,UNLABELLED,other,utility measurement; label assigned by GB/T 7252 three-ratio code (no inspection confirmation),260.0,84.0,,,92.0,130.0,26.0,False,,True,True
FN-0514,Fujian (rule-labelled),FN-0514,,,,UNLABELLED,other,utility measurement; label assigned by GB/T 7252 three-ratio code (no inspection confirmation),980.0,480.0,,,54.0,570.0,37.0,False,,True,True
FN-0515,Fujian (rule-labelled),FN-0515,,,,UNLABELLED,other,utility measurement; label assigned by GB/T 7252 three-ratio code (no inspection confirmation),940.0,530.0,,,460.0,440.0,3.0,False,,True,True
FN-0516,Fujian (rule-labelled),FN-0516,,,,UNLABELLED,other,utility measurement; label assigned by GB/T 7252 three-ratio code (no inspection confirmation),420.0,230.0,,,180.0,200.0,14.0,False,,True,True
FN-0517,Fujian (rule-labelled),FN-0517,,,,UNLABELLED,other,utility measurement; label assigned by GB/T 7252 three-ratio code (no inspection confirmation),60.0,110.0,,,70.0,40.0,10.0,False,,True,True
FN-0518,Fujian (rule-labelled),FN-0518,,,,UNLABELLED,other,utility measurement; label assigned by GB/T 7252 three-ratio code (no inspection confirmation),707.0,55.0,,,81.0,115.0,11.0,False,,True,True
